column,medium,source,needs_rescore,deployed_prompt,canonical_prompt,ensemble,low_signal,genre_track
5_in_your_opinion_how_would_you_rate_the_quality_of_the_setting_and_wo,film,prompts_master,False,"Based only on this film's plot, answer: In your opinion, how would you rate the quality of the setting and world-building in this movie, on a scale of 1-7? Give a number 1-7 (1=lowest, 7=highest). Return ONLY JSON {""v"": number}.","Based only on this film's plot, answer: In your opinion, how would you rate the quality of the setting and world-building in this movie, on a scale of 1-7? Give a number 1-7 (1=lowest, 7=highest). Return ONLY JSON {""v"": number}.",False,False,False
7_now_let_s_talk_pun_intended_about_dialogue_in_your_opinion_how_was_t,film,prompts_master,False,"Based only on this film's plot, answer: Now, let’s talk (pun intended) about dialogue! In your opinion, how was the quality of dialogue throughout the movie? Give a number 2-5 (2=lowest, 5=highest). Return ONLY JSON {""v"": number}.","Based only on this film's plot, answer: Now, let’s talk (pun intended) about dialogue! In your opinion, how was the quality of dialogue throughout the movie? Give a number 2-5 (2=lowest, 5=highest). Return ONLY JSON {""v"": number}.",False,False,False
5_in_your_opinion_how_would_you_rate_the_quality_of_the_character_writ,film,prompts_master,False,"Based only on this film's plot, answer: In your opinion, how would you rate the quality of the setting and world-building in this movie, on a scale of 1-7? Give a number 1-7 (1=lowest, 7=highest). Return ONLY JSON {""v"": number}.","Based only on this film's plot, answer: In your opinion, how would you rate the quality of the setting and world-building in this movie, on a scale of 1-7? Give a number 1-7 (1=lowest, 7=highest). Return ONLY JSON {""v"": number}.",False,False,False
7_on_the_whole_how_would_you_describe_the_pace_of_the_movie_pace_is_th,film,prompts_master,False,"Consider this movie. On the whole, how would you describe the pace of the movie? Pace is the speed at which Respond 1 (not at all) to 5 (extremely). Return ONLY JSON {""v"": number}.","Consider this film. On the whole, how would you describe the pace of the movie? Pace is the speed at which the story develops - how quickly or slowly it moves (and is perceived to be moving by the reader). It’s controlled through elements like the length of scenes, the depth of description, and the rate of action. Respond 1 (not at all) to 5 (extremely). Return ONLY JSON {""v"": number}.",False,False,False
8b_how_competent_was_this_protagonist_by_competent_we_mean_effective_a,film,prompts_master,False,"Consider this film. How competent was this protagonist? By competent, we mean effective at the activities and tasks that matter to them. Respond 1 (not at all) to 5 (extremely). Return ONLY JSON {""v"": number}.","Consider this film. How competent was this protagonist? By competent, we mean effective at the activities and tasks that matter to them. Respond 1 (not at all) to 5 (extremely). Return ONLY JSON {""v"": number}.",False,False,False
5_to_what_extent_did_you_feel_moved_by_this_movie_on_an_emotional_basi,film,prompts_master,False,"Consider this film. To what extent did you feel moved by this movie on an emotional basis? An intellectual basis? Respond 1 (not at all) to 5 (extremely). Return ONLY JSON {""v"": number}.","Consider this film. To what extent did you feel moved by this movie on an emotional basis? An intellectual basis? Respond 1 (not at all) to 5 (extremely). Return ONLY JSON {""v"": number}.",False,False,False
9_how_realistic_did_you_find_the_dialogue_in_the_movie,film,prompts_master,False,"Based only on this movie's plot, answer: How realistic did you find the dialogue in the movie? Give a number 1-7 (1=lowest, 7=highest). Return ONLY JSON {""v"": number}.","Based only on this movie's plot, answer: How realistic did you find the dialogue in the movie? Give a number 1-7 (1=lowest, 7=highest). Return ONLY JSON {""v"": number}.",False,False,False
7_overall_how_relevant_was_world_building_to_the_movie_world_building,film,prompts_master,False,"Based only on this film's plot, answer: Overall, how relevant was world-building to the movie? World-building is defined as the process of developing a detailed and plausible fictional world. It’s most critical when the world in question is meaningfully different from our own - or even a different planet entirely. For example, world-building would be more relevant to a sci-fi story in which people travel between multiverses - not currently possible! - than a contemporary novel in which people travel to different countries. Give a number 1-5 (1=lowest, 5=highest). Return ONLY JSON {""v"": number}.","Based only on this film's plot, answer: Overall, how relevant was world-building to the movie? World-building is defined as the process of developing a detailed and plausible fictional world. It’s most critical when the world in question is meaningfully different from our own - or even a different planet entirely. For example, world-building would be more relevant to a sci-fi story in which people travel between multiverses - not currently possible! - than a contemporary novel in which people travel to different countries. Give a number 1-5 (1=lowest, 5=highest). Return ONLY JSON {""v"": number}.",False,False,False
2_how_interesting_do_you_personally_find_the_movie_s_themes,film,prompts_master,False,"Based only on this movie's plot, answer: How interesting do you personally find the movie's themes? Give a number 1-5 (1=lowest, 5=highest). Return ONLY JSON {""v"": number}.","Based only on this movie's plot, answer: How interesting do you personally find the movie's themes? Give a number 1-5 (1=lowest, 5=highest). Return ONLY JSON {""v"": number}.",False,False,False
4_how_interesting_did_you_find_the_visual_style_by_interesting_we_mean,film,prompts_master,False,"Based only on this film's plot, answer: How interesting did you find the visual style? By interesting we mean noteworthy, attention-grabbing, and creative. Give a number 1-7 (1=lowest, 7=highest). Return ONLY JSON {""v"": number}.","Based only on this film's plot, answer: How interesting did you find the visual style? By interesting we mean noteworthy, attention-grabbing, and creative. Give a number 1-7 (1=lowest, 7=highest). Return ONLY JSON {""v"": number}.",False,False,False
8_how_many_major_settings_does_the_movie_contain_here_we_re_asking_you,film,prompts_master,False,"Based only on this film's plot, answer: How many major settings does the movie contain? Here, we're asking you to count at a high-level and focus on major settings only. For example, in the first Harry Potter book, the major settings would be (1) the Dursley home and (2) the Hogwarts School of Witchcraft and Wizardry - which you wouldn’t need to break down further into the Gryffindor common room, Snape’s dungeon, or Hagrid’s cabin. Give a number 1-6 (1=lowest, 6=highest). Return ONLY JSON {""v"": number}.","Based only on this film's plot, answer: How many major settings does the movie contain? Here, we're asking you to count at a high-level and focus on major settings only. For example, in the first Harry Potter book, the major settings would be (1) the Dursley home and (2) the Hogwarts School of Witchcraft and Wizardry - which you wouldn’t need to break down further into the Gryffindor common room, Snape’s dungeon, or Hagrid’s cabin. Give a number 1-6 (1=lowest, 6=highest). Return ONLY JSON {""v"": number}.",False,False,False
12b_on_a_scale_of_1_very_unsurprising_predictable_to_7_very_surprising,film,prompts_master,False,"Consider this movie. On a scale of 1 (very unsurprising / predictable) to 7 (very surprising)? Respond 1 (not at all) to 7 (extremely). Return ONLY JSON {""v"": number}.","Consider this movie. On a scale of 1 (very unsurprising / predictable) to 7 (very surprising)? Respond 1 (not at all) to 7 (extremely). Return ONLY JSON {""v"": number}.",False,False,False
12_how_well_matched_did_the_score_feel_to_the_action,film,prompts_master,False,"Rate this movie on ONE survey question from its Wikipedia plot and reception. Question: How well-matched did the score feel to the action? [2=low to 7=high]. Return ONLY JSON {""v"": number}.","Rate this film on ONE survey question from its Wikipedia plot. Question: How well-matched did the score feel to the action? [2=low to 7=high]. Return ONLY JSON {""v"": number}.",False,False,False
8a_how_likable_was_this_protagonist_by_likable_we_mean_easy_to_relate,film,prompts_master,False,"Based only on this film's plot, answer: How likable was this protagonist? By likable, we mean easy to relate to, empathize with, and root for. Give a number 1-5 (1=lowest, 5=highest). Return ONLY JSON {""v"": number}.","Based only on this film's plot, answer: How likable was this protagonist? By likable, we mean easy to relate to, empathize with, and root for. Give a number 1-5 (1=lowest, 5=highest). Return ONLY JSON {""v"": number}.",False,False,False
19_how_convincing_did_you_find_the_plot_by_convincing_we_mean_believab,film,prompts_master,False,"Rate this film on ONE survey question from its Wikipedia plot. Question: How convincing did you find the plot? By convincing we mean believable. [1=low to 7=high]. Return ONLY JSON {""v"": number}.","Rate this film on ONE survey question from its Wikipedia plot. Question: How convincing did you find the plot? By convincing we mean believable. [1=low to 7=high]. Return ONLY JSON {""v"": number}.",False,False,False
12d_on_a_scale_of_1_very_unsatisfying_to_7_very_satisfying,film,prompts_master,False,"Based only on this movie's plot, answer: On a scale of 1 (very unsatisfying) to 7 (very satisfying)? Give a number 1-7 (1=lowest, 7=highest). Return ONLY JSON {""v"": number}.","Based only on this movie's plot, answer: On a scale of 1 (very unsatisfying) to 7 (very satisfying)? Give a number 1-7 (1=lowest, 7=highest). Return ONLY JSON {""v"": number}.",False,False,False
6_how_did_you_feel_about_the_movie,film,prompts_master,False,"Consider this movie. How did you feel about the movie? Respond 1 (not at all) to 7 (extremely). Return ONLY JSON {""v"": number}.","Consider this movie. How did you feel about the movie? Respond 1 (not at all) to 7 (extremely). Return ONLY JSON {""v"": number}.",False,False,False
3_approximately_how_many_named_side_characters_are_in_this_movie_feel,film,prompts_master,False,"Consider this movie. Approximately how many named side characters are in this movie? (Feel free to guesstima Respond 2 (not at all) to 50 (extremely). Return ONLY JSON {""v"": number}.","Consider this movie. Approximately how many named side characters are in this movie? (Feel free to guesstima Respond 2 (not at all) to 50 (extremely). Return ONLY JSON {""v"": number}.",False,False,False
14_how_important_was_the_score_to_your_experience_of_the_movie,film,prompts_master,False,"Consider this movie. How important was the score to your experience of the movie? Respond 1 (not at all) to 7 (extremely). Return ONLY JSON {""v"": number}.","Consider this movie. How important was the score to your experience of the movie? Respond 1 (not at all) to 7 (extremely). Return ONLY JSON {""v"": number}.",False,False,False
1_in_your_opinion_how_important_was_the_setting_and_world_building_to,film,prompts_master,False,"Based only on this movie's plot, answer: In your opinion, how important was the setting and world-building to your experience of Give a number 1-5 (1=lowest, 5=highest). Return ONLY JSON {""v"": number}.","Based only on this film's plot, answer: In your opinion, how important was the setting and world-building to your experience of the movie as a whole, relative to other elements like character, plot and pace, theme, mood, and writing style? Give a number 1-5 (1=lowest, 5=highest). Return ONLY JSON {""v"": number}.",False,False,False
4_how_familiar_was_the_world_of_the_movie_by_familiar_we_mean_a_settin,film,prompts_master,False,"Consider this movie. How familiar was the world of the movie? By familiar we mean a setting that you know we Respond 1 (not at all) to 7 (extremely). Return ONLY JSON {""v"": number}.","Consider this film. How familiar was the world of the movie? By familiar we mean a setting that you know well, either from your own lived experiences or from other movies, books, or media. Respond 1 (not at all) to 7 (extremely). Return ONLY JSON {""v"": number}.",False,False,False
8_how_engaging_did_you_find_the_dialogue_in_the_movie,film,prompts_master,False,"Based only on this movie's plot, answer: How engaging did you find the dialogue in the movie? Give a number 1-7 (1=lowest, 7=highest). Return ONLY JSON {""v"": number}.","Based only on this movie's plot, answer: How engaging did you find the dialogue in the movie? Give a number 1-7 (1=lowest, 7=highest). Return ONLY JSON {""v"": number}.",False,False,False
12c_on_a_scale_of_1_very_confusing_to_7_very_easy_to_understand,film,prompts_master,False,"Consider this movie. On a scale of 1 (very confusing) to 7 (very easy-to-understand)? Respond 1 (not at all) to 7 (extremely). Return ONLY JSON {""v"": number}.","Consider this movie. On a scale of 1 (very confusing) to 7 (very easy-to-understand)? Respond 1 (not at all) to 7 (extremely). Return ONLY JSON {""v"": number}.",False,False,False
mood_Bleak,film,prompts_master,False,"On a scale 0-100, how strongly does the mood 'Bleak' apply to this movie based on its plot? Return ONLY JSON {""v"": number}.","On a scale 0-100, how strongly does the mood 'Bleak' apply to this movie based on its plot? Return ONLY JSON {""v"": number}.",False,False,False
8c_how_proactive_was_this_protagonist_by_proactive_we_mean_motivated_a,film,prompts_master,False,"Consider this film. How proactive was this protagonist? By proactive, we mean motivated and taking steps to reach their goals. Respond 1 (not at all) to 5 (extremely). Return ONLY JSON {""v"": number}.","Consider this film. How proactive was this protagonist? By proactive, we mean motivated and taking steps to reach their goals. Respond 1 (not at all) to 5 (extremely). Return ONLY JSON {""v"": number}.",False,False,False
12_how_emotionally_invested_were_you_in_this_protagonist,film,prompts_master,False,"Consider this movie. How emotionally invested were you in this protagonist? Respond 1 (not at all) to 7 (extremely). Return ONLY JSON {""v"": number}.","Consider this movie. How emotionally invested were you in this protagonist? Respond 1 (not at all) to 7 (extremely). Return ONLY JSON {""v"": number}.",False,False,False
12a_on_a_scale_of_1_entirely_unresolved_to_7_entirely_resolved,film,prompts_master,False,"Based only on this movie's plot, answer: On a scale of 1 (entirely unresolved) to 7 (entirely resolved)? Give a number 1-7 (1=lowest, 7=highest). Return ONLY JSON {""v"": number}.","Based only on this movie's plot, answer: On a scale of 1 (entirely unresolved) to 7 (entirely resolved)? Give a number 1-7 (1=lowest, 7=highest). Return ONLY JSON {""v"": number}.",False,False,False
mood_Dark,film,prompts_master,False,"On a scale 0-100, how strongly does the mood 'Dark' apply to this movie based on its plot? Return ONLY JSON {""v"": number}.","On a scale 0-100, how strongly does the mood 'Dark' apply to this movie based on its plot? Return ONLY JSON {""v"": number}.",False,False,False
4_after_having_watched_the_movie_how_glad_are_you_to_have_devoted_time,film,prompts_master,False,"Consider this movie. After having watched the movie, how glad are you to have devoted time and energy to it? Respond 1 (not at all) to 5 (extremely). Return ONLY JSON {""v"": number}.","Consider this movie. After having watched the movie, how glad are you to have devoted time and energy to it? Respond 1 (not at all) to 5 (extremely). Return ONLY JSON {""v"": number}.",False,False,False
5_how_important_was_the_visual_style_to_your_experience_of_the_movie_a,film,prompts_master,False,"Rate this movie on ONE survey question from its Wikipedia plot and reception. Question: How important was the visual style to your experience of the movie as a whole? [1=low to 7=high]. Return ONLY JSON {""v"": number}.","Rate this film on ONE survey question from its Wikipedia plot. Question: How important was the visual style to your experience of the movie as a whole? [1=low to 7=high]. Return ONLY JSON {""v"": number}.",False,False,False
11_how_real_did_this_protagonist_feel_to_you,film,prompts_master,False,"Rate this film on ONE survey question from its Wikipedia plot. Question: How real did this protagonist feel to you? [1=low to 7=high]. Return ONLY JSON {""v"": number}.","Rate this film on ONE survey question from its Wikipedia plot. Question: How real did this protagonist feel to you? [1=low to 7=high]. Return ONLY JSON {""v"": number}.",False,False,False
mood_Cozy,film,prompts_master,False,"On a scale 0-100, how strongly does the mood 'Cozy' apply to this movie based on its plot? Return ONLY JSON {""v"": number}.","On a scale 0-100, how strongly does the mood 'Cozy' apply to this movie based on its plot? Return ONLY JSON {""v"": number}.",False,False,False
identity_relevance,film,prompts_master,False,"You are estimating audience-survey ratings for a movie from its plot. For the main protagonist, predict how RELEVANT their marginalized-group identity (race, gender, class, etc.) is to their experience in the story: 1=not at all relevant, 5=extremely relevant. If the protagonist has no salient marginalized identity, answer 1. Return ONLY JSON {""v"": number}.","You are estimating audience-survey ratings for a movie from its plot. For the main protagonist, predict how RELEVANT their marginalized-group identity (race, gender, class, etc.) is to their experience in the story: 1=not at all relevant, 5=extremely relevant. If the protagonist has no salient marginalized identity, answer 1. Return ONLY JSON {""v"": number}.",False,False,False
mood_Optimistic,film,prompts_master,False,"On a scale 0-100, how strongly does the mood 'Optimistic' apply to this movie based on its plot? Return ONLY JSON {""v"": number}.","On a scale 0-100, how strongly does the mood 'Optimistic' apply to this movie based on its plot? Return ONLY JSON {""v"": number}.",False,False,False
mood_Chaotic,film,prompts_master,False,"On a scale 0-100, how strongly does the mood 'Chaotic' apply to this movie based on its plot? Return ONLY JSON {""v"": number}.","On a scale 0-100, how strongly does the mood 'Chaotic' apply to this movie based on its plot? Return ONLY JSON {""v"": number}.",False,False,False
15_in_your_opinion_how_would_you_rate_the_quality_of_the_character_wri,film,prompts_master,False,"Consider this movie. In your opinion, how would you rate the quality of the character writing in this movie Respond 1 (not at all) to 7 (extremely). Return ONLY JSON {""v"": number}.","Consider this film. In your opinion, how would you rate the quality of the character writing in this movie, on a scale of 1-7? Respond 1 (not at all) to 7 (extremely). Return ONLY JSON {""v"": number}.",False,False,False
13_how_relatable_did_you_find_this_protagonist,film,prompts_master,False,"Rate this film on ONE survey question from its Wikipedia plot. Question: How relatable did you find this protagonist? [1=low to 7=high]. Return ONLY JSON {""v"": number}.","Rate this film on ONE survey question from its Wikipedia plot. Question: How relatable did you find this protagonist? [1=low to 7=high]. Return ONLY JSON {""v"": number}.",False,False,False
mood_Challenging,film,prompts_master,False,"On a scale 0-100, how strongly does the mood 'Challenging' apply to this movie based on its plot? Return ONLY JSON {""v"": number}.","On a scale 0-100, how strongly does the mood 'Challenging' apply to this movie based on its plot? Return ONLY JSON {""v"": number}.",False,False,False
3_how_evocative_did_you_find_the_visual_style_by_evocative_we_mean_aff,film,prompts_master,False,"Based only on this film's plot, answer: How evocative did you find the visual style? By evocative we mean affecting and memorable. Give a number 1-7 (1=lowest, 7=highest). Return ONLY JSON {""v"": number}.","Based only on this film's plot, answer: How evocative did you find the visual style? By evocative we mean affecting and memorable. Give a number 1-7 (1=lowest, 7=highest). Return ONLY JSON {""v"": number}.",False,False,False
mood_Melancholic,film,prompts_master,False,"On a scale 0-100, how strongly does the mood 'Melancholic' apply to this movie based on its plot? Return ONLY JSON {""v"": number}.","On a scale 0-100, how strongly does the mood 'Melancholic' apply to this movie based on its plot? Return ONLY JSON {""v"": number}.",False,False,False
18_how_compelling_did_you_find_the_plot_by_compelling_we_mean_interest,film,prompts_master,False,"Based only on this movie's plot, answer: How compelling did you find the plot? By compelling we mean interesting and absorbing. Give a number 2-7 (2=lowest, 7=highest). Return ONLY JSON {""v"": number}.","Based only on this movie's plot, answer: How compelling did you find the plot? By compelling we mean interesting and absorbing. Give a number 2-7 (2=lowest, 7=highest). Return ONLY JSON {""v"": number}.",False,False,False
mood_Epic,film,prompts_master,False,"On a scale 0-100, how strongly does the mood 'Epic' apply to this movie based on its plot? Return ONLY JSON {""v"": number}.","On a scale 0-100, how strongly does the mood 'Epic' apply to this movie based on its plot? Return ONLY JSON {""v"": number}.",False,False,False
4_how_important_would_you_say_the_side_characters_are_in_this_movie,film,prompts_master,False,"Based only on this movie's plot, answer: How important would you say the side characters are in this movie? Give a number 1-5 (1=lowest, 5=highest). Return ONLY JSON {""v"": number}.","Based only on this movie's plot, answer: How important would you say the side characters are in this movie? Give a number 1-5 (1=lowest, 5=highest). Return ONLY JSON {""v"": number}.",False,False,False
mood_Dreamy,film,prompts_master,False,"On a scale 0-100, how strongly does the mood 'Dreamy' apply to this movie based on its plot? Return ONLY JSON {""v"": number}.","On a scale 0-100, how strongly does the mood 'Dreamy' apply to this movie based on its plot? Return ONLY JSON {""v"": number}.",False,False,False
13_how_much_did_you_like_the_score,film,prompts_master,False,"Consider this movie. How much did you like the score? Respond 2 (not at all) to 7 (extremely). Return ONLY JSON {""v"": number}.","Consider this movie. How much did you like the score? Respond 2 (not at all) to 7 (extremely). Return ONLY JSON {""v"": number}.",False,False,False
mood_Mysterious,film,prompts_master,False,"On a scale 0-100, how strongly does the mood 'Mysterious' apply to this movie based on its plot? Return ONLY JSON {""v"": number}.","On a scale 0-100, how strongly does the mood 'Mysterious' apply to this movie based on its plot? Return ONLY JSON {""v"": number}.",False,False,False
mood_Tragic,film,prompts_master,False,"On a scale 0-100, how strongly does the mood 'Tragic' apply to this movie based on its plot? Return ONLY JSON {""v"": number}.","On a scale 0-100, how strongly does the mood 'Tragic' apply to this movie based on its plot? Return ONLY JSON {""v"": number}.",False,False,False
acting_Physical,film,prompts_master,False,"On a scale 0-100, how strongly does 'Physical' describe the acting of this movie based on its plot? Return ONLY JSON {""v"": number}.","On a scale 0-100, how strongly does 'Physical' describe the acting of this movie based on its plot? Return ONLY JSON {""v"": number}.",False,False,False
mood_Funny,film,prompts_master,False,"On a scale 0-100, how strongly does the mood 'Funny' apply to this movie based on its plot? Return ONLY JSON {""v"": number}.","On a scale 0-100, how strongly does the mood 'Funny' apply to this movie based on its plot? Return ONLY JSON {""v"": number}.",False,False,False
1_in_your_opinion_how_important_were_the_characters_to_your_experience,film,prompts_master,False,"Consider this movie. In your opinion, how important were the characters to your experience of the movie as a Respond 1 (not at all) to 5 (extremely). Return ONLY JSON {""v"": number}.","Consider this film. In your opinion, how important were the characters to your experience of the movie as a whole, relative to other elements like setting and world-building, plot, pace, theme, tone or mood, and writing style? Respond 1 (not at all) to 5 (extremely). Return ONLY JSON {""v"": number}.",False,False,False
visual_Stylized,film,prompts_master,False,"On a scale 0-100, how strongly does 'Stylized' describe the visual style of this movie based on its plot? Return ONLY JSON {""v"": number}.","On a scale 0-100, how strongly does 'Stylized' describe the visual style of this movie based on its plot? Return ONLY JSON {""v"": number}.",False,False,False
mood_Whimsical,film,prompts_master,False,"On a scale 0-100, how strongly does the mood 'Whimsical' apply to this movie based on its plot? Return ONLY JSON {""v"": number}.","On a scale 0-100, how strongly does the mood 'Whimsical' apply to this movie based on its plot? Return ONLY JSON {""v"": number}.",False,False,False
mood_Romantic,film,prompts_master,False,"On a scale 0-100, how strongly does the mood 'Romantic' apply to this movie based on its plot? Return ONLY JSON {""v"": number}.","On a scale 0-100, how strongly does the mood 'Romantic' apply to this movie based on its plot? Return ONLY JSON {""v"": number}.",False,False,False
mood_Eerie,film,prompts_master,False,"On a scale 0-100, how strongly does the mood 'Eerie' apply to this movie based on its plot? Return ONLY JSON {""v"": number}.","On a scale 0-100, how strongly does the mood 'Eerie' apply to this movie based on its plot? Return ONLY JSON {""v"": number}.",False,False,False
visual_Sharp,film,prompts_master,False,"On a scale 0-100, how strongly does 'Sharp' describe the visual style of this movie based on its plot? Return ONLY JSON {""v"": number}.","On a scale 0-100, how strongly does 'Sharp' describe the visual style of this movie based on its plot? Return ONLY JSON {""v"": number}.",False,False,False
mood_Chilling,film,prompts_master,False,"From this movie's plot, does the mood 'Chilling' apply? Return ONLY JSON {""v"": 0 or 1}.","From this movie's plot, does the mood 'Chilling' apply? Return ONLY JSON {""v"": 0 or 1}.",False,False,False
acting_Theatrical,film,prompts_master,False,"On a scale 0-100, how strongly does 'Theatrical' describe the acting of this movie based on its plot? Return ONLY JSON {""v"": number}.","On a scale 0-100, how strongly does 'Theatrical' describe the acting of this movie based on its plot? Return ONLY JSON {""v"": number}.",False,False,False
mood_Bittersweet,film,prompts_master,False,"On a scale 0-100, how strongly does the mood 'Bittersweet' apply to this movie based on its plot? Return ONLY JSON {""v"": number}.","On a scale 0-100, how strongly does the mood 'Bittersweet' apply to this movie based on its plot? Return ONLY JSON {""v"": number}.",False,False,False
mood_Hopeful,film,prompts_master,False,"On a scale 0-100, how strongly does the mood 'Hopeful' apply to this movie based on its plot? Return ONLY JSON {""v"": number}.","On a scale 0-100, how strongly does the mood 'Hopeful' apply to this movie based on its plot? Return ONLY JSON {""v"": number}.",False,False,False
visual_Handheld,film,prompts_master,False,"On a scale 0-100, how strongly does 'Handheld' describe the visual style of this movie based on its plot? Return ONLY JSON {""v"": number}.","On a scale 0-100, how strongly does 'Handheld' describe the visual style of this movie based on its plot? Return ONLY JSON {""v"": number}.",False,False,False
score_Ominous,film,prompts_master,False,"On a scale 0-100, how strongly does 'Ominous' describe the musical score of this movie based on its plot? Return ONLY JSON {""v"": number}.","On a scale 0-100, how strongly does 'Ominous' describe the musical score of this movie based on its plot? Return ONLY JSON {""v"": number}.",False,False,False
visual_Gritty,film,prompts_master,False,"On a scale 0-100, how strongly does 'Gritty' describe the visual style of this movie based on its plot? Return ONLY JSON {""v"": number}.","On a scale 0-100, how strongly does 'Gritty' describe the visual style of this movie based on its plot? Return ONLY JSON {""v"": number}.",False,False,False
mood_Tense,film,prompts_master,False,"On a scale 0-100, how strongly does the mood 'Tense' apply to this movie based on its plot? Return ONLY JSON {""v"": number}.","On a scale 0-100, how strongly does the mood 'Tense' apply to this movie based on its plot? Return ONLY JSON {""v"": number}.",False,False,False
acting_Deadpan,film,prompts_master,False,"On a scale 0-100, how strongly does 'Deadpan' describe the acting of this movie based on its plot? Return ONLY JSON {""v"": number}.","On a scale 0-100, how strongly does 'Deadpan' describe the acting of this movie based on its plot? Return ONLY JSON {""v"": number}.",False,True,False
acting_Intense,film,prompts_master,False,"On a scale 0-100, how strongly does 'Intense' describe the acting of this movie based on its plot? Return ONLY JSON {""v"": number}.","On a scale 0-100, how strongly does 'Intense' describe the acting of this movie based on its plot? Return ONLY JSON {""v"": number}.",False,False,False
score_Melodic,film,prompts_master,False,"On a scale 0-100, how strongly does 'Melodic' describe the musical score of this movie based on its plot? Return ONLY JSON {""v"": number}.","On a scale 0-100, how strongly does 'Melodic' describe the musical score of this movie based on its plot? Return ONLY JSON {""v"": number}.",False,False,False
score_Rock_n__Roll,film,prompts_master,False,"On a scale 0-100, how strongly does 'Rock n' Roll' describe the musical score of this movie based on its plot? Return ONLY JSON {""v"": number}.","On a scale 0-100, how strongly does 'Rock n' Roll' describe the musical score of this movie based on its plot? Return ONLY JSON {""v"": number}.",False,True,False
mood_Energetic,film,prompts_master,False,"On a scale 0-100, how strongly does the mood 'Energetic' apply to this movie based on its plot? Return ONLY JSON {""v"": number}.","On a scale 0-100, how strongly does the mood 'Energetic' apply to this movie based on its plot? Return ONLY JSON {""v"": number}.",False,False,False
mood_Sad,film,prompts_master,False,"On a scale 0-100, how strongly does the mood 'Sad' apply to this movie based on its plot? Return ONLY JSON {""v"": number}.","On a scale 0-100, how strongly does the mood 'Sad' apply to this movie based on its plot? Return ONLY JSON {""v"": number}.",False,False,False
acting_Raw,film,prompts_master,False,"On a scale 0-100, how strongly does 'Raw' describe the acting of this movie based on its plot? Return ONLY JSON {""v"": number}.","On a scale 0-100, how strongly does 'Raw' describe the acting of this movie based on its plot? Return ONLY JSON {""v"": number}.",False,False,False
mood_Raw,film,prompts_master,False,"On a scale 0-100, how strongly does the mood 'Raw' apply to this movie based on its plot? Return ONLY JSON {""v"": number}.","On a scale 0-100, how strongly does the mood 'Raw' apply to this movie based on its plot? Return ONLY JSON {""v"": number}.",False,False,False
acting_Method,film,prompts_master,False,"On a scale 0-100, how strongly does 'Method' describe the acting of this movie based on its plot? Return ONLY JSON {""v"": number}.","On a scale 0-100, how strongly does 'Method' describe the acting of this movie based on its plot? Return ONLY JSON {""v"": number}.",False,False,False
acting_Manic,film,prompts_master,False,"On a scale 0-100, how strongly does 'Manic' describe the acting of this movie based on its plot? Return ONLY JSON {""v"": number}.","On a scale 0-100, how strongly does 'Manic' describe the acting of this movie based on its plot? Return ONLY JSON {""v"": number}.",False,False,False
visual_Clean,film,prompts_master,False,"On a scale 0-100, how strongly does 'Clean' describe the visual style of this movie based on its plot? Return ONLY JSON {""v"": number}.","On a scale 0-100, how strongly does 'Clean' describe the visual style of this movie based on its plot? Return ONLY JSON {""v"": number}.",False,False,False
mood_Adventurous,film,prompts_master,False,"On a scale 0-100, how strongly does the mood 'Adventurous' apply to this movie based on its plot? Return ONLY JSON {""v"": number}.","On a scale 0-100, how strongly does the mood 'Adventurous' apply to this movie based on its plot? Return ONLY JSON {""v"": number}.",False,False,False
score_Orchestral,film,prompts_master,False,"On a scale 0-100, how strongly does 'Orchestral' describe the musical score of this movie based on its plot? Return ONLY JSON {""v"": number}.","On a scale 0-100, how strongly does 'Orchestral' describe the musical score of this movie based on its plot? Return ONLY JSON {""v"": number}.",False,False,False
visual_Natural,film,prompts_master,False,"On a scale 0-100, how strongly does 'Natural' describe the visual style of this movie based on its plot? Return ONLY JSON {""v"": number}.","On a scale 0-100, how strongly does 'Natural' describe the visual style of this movie based on its plot? Return ONLY JSON {""v"": number}.",False,False,False
arc_competent_Middle,film,prompts_master,False,"Consider the single MAIN protagonist of this movie. At the Middle of the story, how competent (effective at what they attempt)? Answer 1-5 where 1=very incompetent, 5=very competent. Return ONLY JSON {""v"": number}.","Consider the single MAIN protagonist of this movie. At the Middle of the story, how competent (effective at what they attempt)? Answer 1-5 where 1=very incompetent, 5=very competent. Return ONLY JSON {""v"": number}.",False,False,False
mood_Gritty,film,prompts_master,False,"On a scale 0-100, how strongly does the mood 'Gritty' apply to this movie based on its plot? Return ONLY JSON {""v"": number}.","On a scale 0-100, how strongly does the mood 'Gritty' apply to this movie based on its plot? Return ONLY JSON {""v"": number}.",False,False,False
3_how_realistic_was_the_world_of_the_movie_by_realistic_we_mean_plausi,film,prompts_master,False,"Based only on this film's plot, answer: How realistic was the world of the movie? By realistic we mean plausible - a faithful or true-to-life representation. Give a number 1-7 (1=lowest, 7=highest). Return ONLY JSON {""v"": number}.","Based only on this film's plot, answer: How realistic was the world of the movie? By realistic we mean plausible - a faithful or true-to-life representation. Give a number 1-7 (1=lowest, 7=highest). Return ONLY JSON {""v"": number}.",False,False,False
arc_likable_Middle,film,prompts_master,False,"Consider the single MAIN protagonist of this movie. At the Middle of the story, how likable (easy to relate to, empathize with, root for)? Answer 1-5 where 1=very dislikable, 5=very likable. Return ONLY JSON {""v"": number}.","Consider the single MAIN protagonist of this movie. At the Middle of the story, how likable (easy to relate to, empathize with, root for)? Answer 1-5 where 1=very dislikable, 5=very likable. Return ONLY JSON {""v"": number}.",False,False,False
visual_Fast_cut,film,prompts_master,False,"On a scale 0-100, how strongly does 'Fast-cut' describe the visual style of this movie based on its plot? Return ONLY JSON {""v"": number}.","On a scale 0-100, how strongly does 'Fast-cut' describe the visual style of this movie based on its plot? Return ONLY JSON {""v"": number}.",False,False,False
mood_Quirky,film,prompts_master,False,"On a scale 0-100, how strongly does the mood 'Quirky' apply to this movie based on its plot? Return ONLY JSON {""v"": number}.","On a scale 0-100, how strongly does the mood 'Quirky' apply to this movie based on its plot? Return ONLY JSON {""v"": number}.",False,False,False
visual_Dark,film,prompts_master,False,"On a scale 0-100, how strongly does 'Dark' describe the visual style of this movie based on its plot? Return ONLY JSON {""v"": number}.","On a scale 0-100, how strongly does 'Dark' describe the visual style of this movie based on its plot? Return ONLY JSON {""v"": number}.",False,False,False
score_Emotional,film,prompts_master,False,"On a scale 0-100, how strongly does 'Emotional' describe the musical score of this movie based on its plot? Return ONLY JSON {""v"": number}.","On a scale 0-100, how strongly does 'Emotional' describe the musical score of this movie based on its plot? Return ONLY JSON {""v"": number}.",False,False,False
arc_competent_End,film,prompts_master,False,"Consider the single MAIN protagonist of this movie. At the End of the story, how competent (effective at what they attempt)? Answer 1-5 where 1=very incompetent, 5=very competent. Return ONLY JSON {""v"": number}.","Consider the single MAIN protagonist of this movie. At the End of the story, how competent (effective at what they attempt)? Answer 1-5 where 1=very incompetent, 5=very competent. Return ONLY JSON {""v"": number}.",False,False,False
arc_likable_End,film,prompts_master,False,"Consider the single MAIN protagonist of this movie. At the End of the story, how likable (easy to relate to, empathize with, root for)? Answer 1-5 where 1=very dislikable, 5=very likable. Return ONLY JSON {""v"": number}.","Consider the single MAIN protagonist of this movie. At the End of the story, how likable (easy to relate to, empathize with, root for)? Answer 1-5 where 1=very dislikable, 5=very likable. Return ONLY JSON {""v"": number}.",False,False,False
acting_Campy,film,prompts_master,False,"On a scale 0-100, how strongly does 'Campy' describe the acting of this movie based on its plot? Return ONLY JSON {""v"": number}.","On a scale 0-100, how strongly does 'Campy' describe the acting of this movie based on its plot? Return ONLY JSON {""v"": number}.",False,False,False
score_Grand,film,prompts_master,False,"On a scale 0-100, how strongly does 'Grand' describe the musical score of this movie based on its plot? Return ONLY JSON {""v"": number}.","On a scale 0-100, how strongly does 'Grand' describe the musical score of this movie based on its plot? Return ONLY JSON {""v"": number}.",False,True,False
score_Choral,film,prompts_master,False,"On a scale 0-100, how strongly does 'Choral' describe the musical score of this movie based on its plot? Return ONLY JSON {""v"": number}.","On a scale 0-100, how strongly does 'Choral' describe the musical score of this movie based on its plot? Return ONLY JSON {""v"": number}.",False,False,False
acting_Subtle,film,prompts_master,False,"On a scale 0-100, how strongly does 'Subtle' describe the acting of this movie based on its plot? Return ONLY JSON {""v"": number}.","On a scale 0-100, how strongly does 'Subtle' describe the acting of this movie based on its plot? Return ONLY JSON {""v"": number}.",False,False,False
acting_Improvisational,film,prompts_master,False,"On a scale 0-100, how strongly does 'Improvisational' describe the acting of this movie based on its plot? Return ONLY JSON {""v"": number}.","On a scale 0-100, how strongly does 'Improvisational' describe the acting of this movie based on its plot? Return ONLY JSON {""v"": number}.",False,False,False
arc_proactive_Middle,film,prompts_master,False,"Consider the single MAIN protagonist of this movie. At the Middle of the story, how proactive (motivated, taking action vs passive)? Answer 1-5 where 1=very passive, 5=very proactive. Return ONLY JSON {""v"": number}.","Consider the single MAIN protagonist of this movie. At the Middle of the story, how proactive (motivated, taking action vs passive)? Answer 1-5 where 1=very passive, 5=very proactive. Return ONLY JSON {""v"": number}.",False,False,False
arc_likable_Beginning,film,prompts_master,False,"Consider the single MAIN protagonist of this movie. At the Beginning of the story, how likable (easy to relate to, empathize with, root for)? Answer 1-5 where 1=very dislikable, 5=very likable. Return ONLY JSON {""v"": number}.","Consider the single MAIN protagonist of this movie. At the Beginning of the story, how likable (easy to relate to, empathize with, root for)? Answer 1-5 where 1=very dislikable, 5=very likable. Return ONLY JSON {""v"": number}.",False,False,False
mood_Inspirational,film,prompts_master,False,"On a scale 0-100, how strongly does the mood 'Inspirational' apply to this movie based on its plot? Return ONLY JSON {""v"": number}.","On a scale 0-100, how strongly does the mood 'Inspirational' apply to this movie based on its plot? Return ONLY JSON {""v"": number}.",False,False,False
visual_Dreamy,film,prompts_master,False,"On a scale 0-100, how strongly does 'Dreamy' describe the visual style of this movie based on its plot? Return ONLY JSON {""v"": number}.","On a scale 0-100, how strongly does 'Dreamy' describe the visual style of this movie based on its plot? Return ONLY JSON {""v"": number}.",False,False,False
mood_Lighthearted,film,prompts_master,False,"On a scale 0-100, how strongly does the mood 'Lighthearted' apply to this movie based on its plot? Return ONLY JSON {""v"": number}.","On a scale 0-100, how strongly does the mood 'Lighthearted' apply to this movie based on its plot? Return ONLY JSON {""v"": number}.",False,False,False
10_how_important_was_the_dialogue_to_your_experience_of_the_movie_as_a,film,prompts_master,False,"Consider this movie. How important was the dialogue to your experience of the movie as a whole? Respond 1 (not at all) to 5 (extremely). Return ONLY JSON {""v"": number}.","Consider this movie. How important was the dialogue to your experience of the movie as a whole? Respond 1 (not at all) to 5 (extremely). Return ONLY JSON {""v"": number}.",False,False,False
mood_Reflective,film,prompts_master,False,"From this movie's plot, does the mood 'Reflective' apply? Return ONLY JSON {""v"": 0 or 1}.","From this movie's plot, does the mood 'Reflective' apply? Return ONLY JSON {""v"": 0 or 1}.",False,False,False
mood_Wistful,film,prompts_master,False,"On a scale 0-100, how strongly does the mood 'Wistful' apply to this movie based on its plot? Return ONLY JSON {""v"": number}.","On a scale 0-100, how strongly does the mood 'Wistful' apply to this movie based on its plot? Return ONLY JSON {""v"": number}.",False,False,False
visual_Bright,film,prompts_master,False,"On a scale 0-100, how strongly does 'Bright' describe the visual style of this movie based on its plot? Return ONLY JSON {""v"": number}.","On a scale 0-100, how strongly does 'Bright' describe the visual style of this movie based on its plot? Return ONLY JSON {""v"": number}.",False,False,False
visual_Muted,film,prompts_master,False,"On a scale 0-100, how strongly does 'Muted' describe the visual style of this movie based on its plot? Return ONLY JSON {""v"": number}.","On a scale 0-100, how strongly does 'Muted' describe the visual style of this movie based on its plot? Return ONLY JSON {""v"": number}.",False,False,False
visual_Saturated,film,prompts_master,False,"On a scale 0-100, how strongly does 'Saturated' describe the visual style of this movie based on its plot? Return ONLY JSON {""v"": number}.","On a scale 0-100, how strongly does 'Saturated' describe the visual style of this movie based on its plot? Return ONLY JSON {""v"": number}.",False,False,False
arc_proactive_Beginning,film,prompts_master,False,"Consider the single MAIN protagonist of this movie. At the Beginning of the story, how proactive (motivated, taking action vs passive)? Answer 1-5 where 1=very passive, 5=very proactive. Return ONLY JSON {""v"": number}.","Consider the single MAIN protagonist of this movie. At the Beginning of the story, how proactive (motivated, taking action vs passive)? Answer 1-5 where 1=very passive, 5=very proactive. Return ONLY JSON {""v"": number}.",False,False,False
score_Electronic,film,prompts_master,False,"On a scale 0-100, how strongly does 'Electronic' describe the musical score of this movie based on its plot? Return ONLY JSON {""v"": number}.","On a scale 0-100, how strongly does 'Electronic' describe the musical score of this movie based on its plot? Return ONLY JSON {""v"": number}.",False,False,False
5_how_fantastical_was_the_world_of_the_movies_by_fantastical_we_mean_a,film,prompts_master,False,"Based only on this film's plot, answer: How fantastical was the world of the movies? By fantastical we mean a world that would be characterized as “fantasy,” typically one where magic is real, as in Lord of the Rings. Give a number 1-7 (1=lowest, 7=highest). Return ONLY JSON {""v"": number}.","Based only on this film's plot, answer: How fantastical was the world of the movies? By fantastical we mean a world that would be characterized as “fantasy,” typically one where magic is real, as in Lord of the Rings. Give a number 1-7 (1=lowest, 7=highest). Return ONLY JSON {""v"": number}.",False,False,False
arc_competent_Beginning,film,prompts_master,False,"Consider the single MAIN protagonist of this movie. At the Beginning of the story, how competent (effective at what they attempt)? Answer 1-5 where 1=very incompetent, 5=very competent. Return ONLY JSON {""v"": number}.","Consider the single MAIN protagonist of this movie. At the Beginning of the story, how competent (effective at what they attempt)? Answer 1-5 where 1=very incompetent, 5=very competent. Return ONLY JSON {""v"": number}.",False,False,False
score_Jazz,film,prompts_master,False,"On a scale 0-100, how strongly does 'Jazz' describe the musical score of this movie based on its plot? Return ONLY JSON {""v"": number}.","On a scale 0-100, how strongly does 'Jazz' describe the musical score of this movie based on its plot? Return ONLY JSON {""v"": number}.",False,False,False
arc_proactive_End,film,prompts_master,False,"Consider the single MAIN protagonist of this movie. At the End of the story, how proactive (motivated, taking action vs passive)? Answer 1-5 where 1=very passive, 5=very proactive. Return ONLY JSON {""v"": number}.","Consider the single MAIN protagonist of this movie. At the End of the story, how proactive (motivated, taking action vs passive)? Answer 1-5 where 1=very passive, 5=very proactive. Return ONLY JSON {""v"": number}.",False,False,False
score_Intimate,film,prompts_master,False,"On a scale 0-100, how strongly does 'Intimate' describe the musical score of this movie based on its plot? Return ONLY JSON {""v"": number}.","On a scale 0-100, how strongly does 'Intimate' describe the musical score of this movie based on its plot? Return ONLY JSON {""v"": number}.",False,False,False
visual_Busy,film,prompts_master,False,"On a scale 0-100, how strongly does 'Busy' describe the visual style of this movie based on its plot? Return ONLY JSON {""v"": number}.","On a scale 0-100, how strongly does 'Busy' describe the visual style of this movie based on its plot? Return ONLY JSON {""v"": number}.",False,False,False
visual_Slow,film,prompts_master,False,"On a scale 0-100, how strongly does 'Slow' describe the visual style of this movie based on its plot? Return ONLY JSON {""v"": number}.","On a scale 0-100, how strongly does 'Slow' describe the visual style of this movie based on its plot? Return ONLY JSON {""v"": number}.",False,False,False
6_how_science_fictional_was_the_world_of_the_movie_by_science_fictiona,film,prompts_master,False,"Consider this film. How science-fictional was the world of the movie? By science-fictional we mean a world of alternative ways of life made possible by technological advancements, typically set in the future, as in Neuromancer. Respond 1 (not at all) to 7 (extremely). Return ONLY JSON {""v"": number}.","Consider this film. How science-fictional was the world of the movie? By science-fictional we mean a world of alternative ways of life made possible by technological advancements, typically set in the future, as in Neuromancer. Respond 1 (not at all) to 7 (extremely). Return ONLY JSON {""v"": number}.",False,False,False
acting_Brooding,film,prompts_master,False,"On a scale 0-100, how strongly does 'Brooding' describe the acting of this movie based on its plot? Return ONLY JSON {""v"": number}.","On a scale 0-100, how strongly does 'Brooding' describe the acting of this movie based on its plot? Return ONLY JSON {""v"": number}.",False,False,False
3_while_you_were_in_the_process_of_watching_the_movie_how_enjoyable_di,film,prompts_master,False,"Consider this movie. While you were in the process of watching the movie, how enjoyable did you find it? In Respond 1 (not at all) to 5 (extremely). Return ONLY JSON {""v"": number}.","Consider this film. While you were in the process of watching the movie, how enjoyable did you find it? In other words, how much did you like it and how eager were you to keep watching? Respond 1 (not at all) to 5 (extremely). Return ONLY JSON {""v"": number}.",False,False,False
score_Dissonant,film,prompts_master,False,"On a scale 0-100, how strongly does 'Dissonant' describe the musical score of this movie based on its plot? Return ONLY JSON {""v"": number}.","On a scale 0-100, how strongly does 'Dissonant' describe the musical score of this movie based on its plot? Return ONLY JSON {""v"": number}.",False,False,False
mood_Heartwarming,film,prompts_master,False,"On a scale 0-100, how strongly does the mood 'Heartwarming' apply to this movie based on its plot? Return ONLY JSON {""v"": number}.","On a scale 0-100, how strongly does the mood 'Heartwarming' apply to this movie based on its plot? Return ONLY JSON {""v"": number}.",False,False,False
1_how_many_protagonists_were_there_a_protagonist_is_the_person_or_enti,film,prompts_master,False,"Based only on this film's plot, answer: How many protagonists were there? A protagonist is the person or entity at the heart of the story - the principal character(s) around whom the movie revolves. While it’s normal for movies to have multiple important characters, there are usually only one or few protagonists. For example, the Harry Potter series has one protagonist; Romeo and Juliet has two; and Sisterhood of the Traveling Pants has four, each with their own personalities and storylines. In cases where a movie has more than 5 protagonists, it’s almost always because it’s made up of an “ensemble cast” in which all characters are protagonists with relatively equal weight in the story. This is most often true of movies made up of interconnected short stories or slice-of-life snippets. Give a number 1-6 (1=lowest, 6=highest). Return ONLY JSON {""v"": number}.","Based only on this film's plot, answer: How many protagonists were there? A protagonist is the person or entity at the heart of the story - the principal character(s) around whom the movie revolves. While it’s normal for movies to have multiple important characters, there are usually only one or few protagonists. For example, the Harry Potter series has one protagonist; Romeo and Juliet has two; and Sisterhood of the Traveling Pants has four, each with their own personalities and storylines. In cases where a movie has more than 5 protagonists, it’s almost always because it’s made up of an “ensemble cast” in which all characters are protagonists with relatively equal weight in the story. This is most often true of movies made up of interconnected short stories or slice-of-life snippets. Give a number 1-6 (1=lowest, 6=highest). Return ONLY JSON {""v"": number}.",False,False,False
mood_Surreal,film,prompts_master,False,"On a scale 0-100, how strongly does the mood 'Surreal' apply to this movie based on its plot? Return ONLY JSON {""v"": number}.","On a scale 0-100, how strongly does the mood 'Surreal' apply to this movie based on its plot? Return ONLY JSON {""v"": number}.",False,False,False
acting_Natural,film,prompts_master,False,"On a scale 0-100, how strongly does 'Natural' describe the acting of this movie based on its plot? Return ONLY JSON {""v"": number}.","On a scale 0-100, how strongly does 'Natural' describe the acting of this movie based on its plot? Return ONLY JSON {""v"": number}.",False,False,False
5_if_you_checked_any_of_the_above_how_relevant_are_these_aspect_s_of_t,film,prompts_master,False,"Based only on this film's plot, answer: If you checked any of the above, how relevant are these aspect(s) of their identity to their experience in the movie? For example, in Wonder by R. J. Palacio, the protagonist Auggie has a severe facial deformity, which is extremely relevant to his experience of going to public school for the first time. In Fourth Wing by Rebecca Yarros, the protagonist Violet has a disability that impacts her strength and mobility, but it’s not as central. Give a number 1-5 (1=lowest, 5=highest). Return ONLY JSON {""v"": number}.","Based only on this film's plot, answer: If you checked any of the above, how relevant are these aspect(s) of their identity to their experience in the movie? For example, in Wonder by R. J. Palacio, the protagonist Auggie has a severe facial deformity, which is extremely relevant to his experience of going to public school for the first time. In Fourth Wing by Rebecca Yarros, the protagonist Violet has a disability that impacts her strength and mobility, but it’s not as central. Give a number 1-5 (1=lowest, 5=highest). Return ONLY JSON {""v"": number}.",False,False,False
2_how_consistent_did_you_find_the_visual_style_by_consistent_we_mean_t,film,prompts_master,False,"Based only on this film's plot, answer: How consistent did you find the visual style? By consistent we mean that it was generally the same throughout the whole film. Give a number 1-7 (1=lowest, 7=highest). Return ONLY JSON {""v"": number}.","Based only on this film's plot, answer: How consistent did you find the visual style? By consistent we mean that it was generally the same throughout the whole film. Give a number 1-7 (1=lowest, 7=highest). Return ONLY JSON {""v"": number}.",False,False,False
film_plot_driven,film,split_grids,False,"Score this movie from its Wikipedia plot. How plot-driven is this movie (emphasis on external events)? 1=not at all..5=extremely. Return ONLY JSON {""v"": number}.","Score this movie from its Wikipedia plot. How plot-driven is this movie (emphasis on external events)? 1=not at all..5=extremely. Return ONLY JSON {""v"": number}.",False,False,False
film_character_driven,film,split_grids,False,"Score this movie from its Wikipedia plot. How character-driven is this movie (internal needs drive the story)? 1=not at all..5=extremely. Return ONLY JSON {""v"": number}.","Score this movie from its Wikipedia plot. How character-driven is this movie (internal needs drive the story)? 1=not at all..5=extremely. Return ONLY JSON {""v"": number}.",False,False,False
film_moved_emotional,film,split_grids,False,"Score this movie from its Wikipedia plot. To what extent would the audience feel moved on an EMOTIONAL basis? 1=not at all..5=extremely. Return ONLY JSON {""v"": number}.","Score this movie from its Wikipedia plot. To what extent would the audience feel moved on an EMOTIONAL basis? 1=not at all..5=extremely. Return ONLY JSON {""v"": number}.",False,False,False
film_moved_intellectual,film,split_grids,False,"Score this movie from its Wikipedia plot. To what extent would the audience feel moved on an INTELLECTUAL basis? 1=not at all..5=extremely. Return ONLY JSON {""v"": number}.","Score this movie from its Wikipedia plot. To what extent would the audience feel moved on an INTELLECTUAL basis? 1=not at all..5=extremely. Return ONLY JSON {""v"": number}.",False,False,False
setting_when__around_present_day,film,prompts_master,False,"You are estimating audience-survey ratings for a movie from its plot. Out of 100 typical viewers, how many would say this movie takes place around present day? Answer 0-100. Return ONLY JSON {""v"": number}.","You are estimating audience-survey ratings for a movie from its plot. Out of 100 typical viewers, how many would say this movie takes place around present day? Answer 0-100. Return ONLY JSON {""v"": number}.",False,False,False
setting_when__in_the_near_past,film,prompts_master,False,"You are estimating audience-survey ratings for a movie from its plot. Out of 100 typical viewers, how many would say this movie takes place in the near past? Answer 0-100. Return ONLY JSON {""v"": number}.","You are estimating audience-survey ratings for a movie from its plot. Out of 100 typical viewers, how many would say this movie takes place in the near past? Answer 0-100. Return ONLY JSON {""v"": number}.",False,False,False
setting_when__in_the_distant_past,film,prompts_master,False,"You are estimating audience-survey ratings for a movie from its plot. Out of 100 typical viewers, how many would say this movie takes place in the distant past? Answer 0-100. Return ONLY JSON {""v"": number}.","You are estimating audience-survey ratings for a movie from its plot. Out of 100 typical viewers, how many would say this movie takes place in the distant past? Answer 0-100. Return ONLY JSON {""v"": number}.",False,False,False
setting_when__in_the_near_future,film,prompts_master,False,"You are estimating audience-survey ratings for a movie from its plot. Out of 100 typical viewers, how many would say this movie takes place in the near future? Answer 0-100. Return ONLY JSON {""v"": number}.","You are estimating audience-survey ratings for a movie from its plot. Out of 100 typical viewers, how many would say this movie takes place in the near future? Answer 0-100. Return ONLY JSON {""v"": number}.",False,False,False
setting_when__in_the_distant_future,film,prompts_master,False,"You are estimating audience-survey ratings for a movie from its plot. Out of 100 typical viewers, how many would say this movie takes place in the distant future? Answer 0-100. Return ONLY JSON {""v"": number}.","You are estimating audience-survey ratings for a movie from its plot. Out of 100 typical viewers, how many would say this movie takes place in the distant future? Answer 0-100. Return ONLY JSON {""v"": number}.",False,False,False
setting_where__somewhere_on_earth_that_really_exists,film,prompts_master,False,"You are estimating audience-survey ratings for a movie from its plot. Out of 100 typical viewers, how many would say this movie takes place somewhere on Earth that really exists? Answer 0-100. Return ONLY JSON {""v"": number}.","You are estimating audience-survey ratings for a movie from its plot. Out of 100 typical viewers, how many would say this movie takes place somewhere on Earth that really exists? Answer 0-100. Return ONLY JSON {""v"": number}.",False,False,False
setting_where__somewhere_on_earth_that_is_imaginary,film,prompts_master,False,"You are estimating audience-survey ratings for a movie from its plot. Out of 100 typical viewers, how many would say this movie takes place somewhere on Earth that is imaginary? Answer 0-100. Return ONLY JSON {""v"": number}.","You are estimating audience-survey ratings for a movie from its plot. Out of 100 typical viewers, how many would say this movie takes place somewhere on Earth that is imaginary? Answer 0-100. Return ONLY JSON {""v"": number}.",False,False,False
setting_where__somewhere_off_earth_that_is_imaginary,film,prompts_master,False,"You are estimating audience-survey ratings for a movie from its plot. Out of 100 typical viewers, how many would say this movie takes place somewhere off Earth that is imaginary? Answer 0-100. Return ONLY JSON {""v"": number}.","You are estimating audience-survey ratings for a movie from its plot. Out of 100 typical viewers, how many would say this movie takes place somewhere off Earth that is imaginary? Answer 0-100. Return ONLY JSON {""v"": number}.",False,False,False
opening_hook,film,prompts_master,False,"Consider this movie. Did it begin with a hook (something dramatic, mysterious, or shocking)? Respond 1 (not at all) to 5 (extremely). Return ONLY JSON {""v"": number}.","Consider this movie. Did it begin with a hook (something dramatic, mysterious, or shocking)? Respond 1 (not at all) to 5 (extremely). Return ONLY JSON {""v"": number}.",False,False,False
time_linearity,film,prompts_master,False,"You are estimating audience-survey ratings for a movie from its plot. Predict the story's LINEARITY IN TIME: 1 = completely linear (events told in the order they happen), 4 = completely nonlinear (heavy flashbacks/jumps in time). Return ONLY JSON {""v"": number}.","You are estimating audience-survey ratings for a movie from its plot. Predict the story's LINEARITY IN TIME: 1 = completely linear (events told in the order they happen), 4 = completely nonlinear (heavy flashbacks/jumps in time). Return ONLY JSON {""v"": number}.",False,False,False
character_development,film,prompts_master,False,"Consider this movie. How much strong personal development/internal change does the main character undergo? Respond 1 (not at all) to 7 (extremely). Return ONLY JSON {""v"": number}.","Consider this movie. How much strong personal development/internal change does the main character undergo? Respond 1 (not at all) to 7 (extremely). Return ONLY JSON {""v"": number}.",False,False,False
plot_linearity,film,prompts_master,False,"You are estimating audience-survey ratings for a movie from its plot. Predict the story's LINEARITY IN PLOT ORDER: 1 = completely linear (the plot is presented in a straight sequence), 4 = completely nonlinear (the plot is heavily reordered / told out of sequence). Return ONLY JSON {""v"": number}.","You are estimating audience-survey ratings for a movie from its plot. Predict the story's LINEARITY IN PLOT ORDER: 1 = completely linear (the plot is presented in a straight sequence), 4 = completely nonlinear (the plot is heavily reordered / told out of sequence). Return ONLY JSON {""v"": number}.",True,False,False
ending_reversal,film,prompts_master,False,"You are estimating audience-survey ratings for a movie from its plot. Predict whether the ending featured a major reversal of fortune for the main character(s): 3 = Yes, 2 = Somewhat, 1 = No. Return ONLY JSON {""v"": number}.","You are estimating audience-survey ratings for a movie from its plot. Predict whether the ending featured a major reversal of fortune for the main character(s): 3 = Yes, 2 = Somewhat, 1 = No. Return ONLY JSON {""v"": number}.",True,False,False
pathos,film,MISSING,False,"At the ending, does the main character (or characters) undergo a major emotional release or expression of emotion? Answer on a scale of 1 (no), 2 (somewhat), 3 (yes). Return ONLY JSON {""v"": number}.","At the ending, does the main character (or characters) undergo a major emotional release or expression of emotion? Answer on a scale of 1 (no), 2 (somewhat), 3 (yes). Return ONLY JSON {""v"": number}.",False,False,False
conflict_self,film,prompts_master,False,"To what extent is this movie a ""protagonist versus self"" story - how central is self as the force the protagonist struggles against? 0 = not at all, 100 = the central conflict. Return ONLY JSON {""v"": number}.","To what extent is this movie a ""protagonist versus self"" story - how central is self as the force the protagonist struggles against? 0 = not at all, 100 = the central conflict. Return ONLY JSON {""v"": number}.",False,False,False
conflict_other,film,prompts_master,False,"To what extent is this movie a ""protagonist versus other"" story - how central is other as the force the protagonist struggles against? 0 = not at all, 100 = the central conflict. Return ONLY JSON {""v"": number}.","To what extent is this movie a ""protagonist versus other"" story - how central is other as the force the protagonist struggles against? 0 = not at all, 100 = the central conflict. Return ONLY JSON {""v"": number}.",False,False,False
conflict_society,film,prompts_master,False,"To what extent is this movie a ""protagonist versus society"" story - how central is society as the force the protagonist struggles against? 0 = not at all, 100 = the central conflict. Return ONLY JSON {""v"": number}.","To what extent is this movie a ""protagonist versus society"" story - how central is society as the force the protagonist struggles against? 0 = not at all, 100 = the central conflict. Return ONLY JSON {""v"": number}.",False,False,False
conflict_nature,film,prompts_master,False,"To what extent is this movie a ""protagonist versus nature"" story - how central is nature as the force the protagonist struggles against? 0 = not at all, 100 = the central conflict. Return ONLY JSON {""v"": number}.","To what extent is this movie a ""protagonist versus nature"" story - how central is nature as the force the protagonist struggles against? 0 = not at all, 100 = the central conflict. Return ONLY JSON {""v"": number}.",False,False,False
conflict_technology,film,prompts_master,False,"To what extent is this movie a ""protagonist versus technology"" story - how central is technology as the force the protagonist struggles against? 0 = not at all, 100 = the central conflict. Return ONLY JSON {""v"": number}.","To what extent is this movie a ""protagonist versus technology"" story - how central is technology as the force the protagonist struggles against? 0 = not at all, 100 = the central conflict. Return ONLY JSON {""v"": number}.",False,False,False
conflict_fate,film,prompts_master,False,"To what extent is this movie a ""protagonist versus fate"" story - how central is fate as the force the protagonist struggles against? 0 = not at all, 100 = the central conflict. Return ONLY JSON {""v"": number}.","To what extent is this movie a ""protagonist versus fate"" story - how central is fate as the force the protagonist struggles against? 0 = not at all, 100 = the central conflict. Return ONLY JSON {""v"": number}.",False,False,False
shape_cinderella,film,prompts_master,False,"Think of the movie's main character's fortune as a line rising and falling over the story. The ""Cinderella"" shape is when a rise in fortune, then a sharp setback, then a final rise to a happy ending (up-down-up). How well does this movie fit the Cinderella shape? 0 = not at all, 100 = a perfect fit. Return ONLY JSON {""v"": number}.","Think of the movie's main character's fortune as a line rising and falling over the story. The ""Cinderella"" shape is when a rise in fortune, then a sharp setback, then a final rise to a happy ending (up-down-up). How well does this movie fit the Cinderella shape? 0 = not at all, 100 = a perfect fit. Return ONLY JSON {""v"": number}.",False,False,False
shape_rags_to_riches,film,prompts_master,False,"Think of the movie's main character's fortune as a line rising and falling over the story. The ""Rags to Riches"" shape is when the main character begins low or unfortunate and undergoes a steady, largely uninterrupted rise into success, fortune, or happiness by the end (a continuous upward arc). How well does this movie fit the Rags to Riches shape? 0 = not at all, 100 = a perfect fit. Return ONLY JSON {""v"": number}.","Think of the movie's main character's fortune as a line rising and falling over the story. The ""Rags to Riches"" shape is when the main character begins low or unfortunate and undergoes a steady, largely uninterrupted rise into success, fortune, or happiness by the end (a continuous upward arc). How well does this movie fit the Rags to Riches shape? 0 = not at all, 100 = a perfect fit. Return ONLY JSON {""v"": number}.",False,False,False
shape_riches_to_rags,film,prompts_master,False,"Think of the movie's main character's fortune as a line rising and falling over the story. The ""Riches to Rags"" shape is when the main character begins high or fortunate and undergoes a steady, largely uninterrupted decline into misfortune, ruin, loss, or death by the end (a continuous downward arc, classic tragedy). How well does this movie fit the Riches to Rags shape? 0 = not at all, 100 = a perfect fit. Return ONLY JSON {""v"": number}.","Think of the movie's main character's fortune as a line rising and falling over the story. The ""Riches to Rags"" shape is when the main character begins high or fortunate and undergoes a steady, largely uninterrupted decline into misfortune, ruin, loss, or death by the end (a continuous downward arc, classic tragedy). How well does this movie fit the Riches to Rags shape? 0 = not at all, 100 = a perfect fit. Return ONLY JSON {""v"": number}.",False,True,False
shape_man_in_a_hole,film,prompts_master,False,"Does this movie follow a ""trouble and recovery"" arc, where the main character runs into a serious problem, crisis, or predicament partway through and then overcomes it, ending up okay or better than before? 0 = not at all, 100 = a perfect fit. Return ONLY JSON {""v"": number}.","Does this movie follow a ""trouble and recovery"" arc, where the main character runs into a serious problem, crisis, or predicament partway through and then overcomes it, ending up okay or better than before? 0 = not at all, 100 = a perfect fit. Return ONLY JSON {""v"": number}.",False,False,False
shape_icarus,film,prompts_master,False,"The ""Icarus"" story shape is: a rise in fortune followed by a fall (up, then down - ends badly after early success). To what extent does this movie's plot follow the Icarus shape? 0 = not at all, 100 = a perfect fit. Return ONLY JSON {""v"": number}.","The ""Icarus"" story shape is: a rise in fortune followed by a fall (up, then down - ends badly after early success). To what extent does this movie's plot follow the Icarus shape? 0 = not at all, 100 = a perfect fit. Return ONLY JSON {""v"": number}.",False,False,False
anagnorisis,film,prompts_master,False,"At the ending, does the main character (or characters) come to a major sudden realization, a crucial truth they grasp? Answer on a scale of 1 (no), 2 (somewhat), 3 (yes). Return ONLY JSON {""v"": number}.","At the ending, does the main character (or characters) come to a major sudden realization, a crucial truth they grasp? Answer on a scale of 1 (no), 2 (somewhat), 3 (yes). Return ONLY JSON {""v"": number}.",False,False,False
competent,film,prompts_master,False,"You are estimating audience-survey ratings for a movie from its plot summary. How competent is the protagonists on average? Answer on a scale of 1 (very incompetent) to 5 (very competent). Return ONLY JSON {""v"": number}.","You are estimating audience-survey ratings for a movie from its plot summary. How competent is the protagonists on average? Answer on a scale of 1 (very incompetent) to 5 (very competent). Return ONLY JSON {""v"": number}.",False,False,False
development,film,prompts_master,False,"You are estimating audience-survey ratings for a movie from its plot summary. Does the protagonists on average undergo strong personal (internal) development? Answer on a scale of 1 (no), 2 (arguably), 3 (yes). Return ONLY JSON {""v"": number}.","You are estimating audience-survey ratings for a movie from its plot summary. Does the protagonists on average undergo strong personal (internal) development? Answer on a scale of 1 (no), 2 (arguably), 3 (yes). Return ONLY JSON {""v"": number}.",False,False,False
element_emotional_impact,film,prompts_master,False,"You are estimating audience-survey ratings for a movie from its plot summary. Was the emotional impact one of the elements that most drove the experience of this work? Answer 0 (no) or 1 (yes). Return ONLY JSON {""v"": number}.","You are estimating audience-survey ratings for a movie from its plot summary. Was the emotional impact one of the elements that most drove the experience of this work? Answer 0 (no) or 1 (yes). Return ONLY JSON {""v"": number}.",False,False,False
element_message_or_theme,film,prompts_master,False,"You are estimating audience-survey ratings for a movie from its plot summary. How central is a message or theme to this work, as opposed to plot, character, or spectacle? Answer 1 (not thematic at all) to 5 (deeply theme-driven). Return ONLY JSON {""v"": number}.","You are estimating audience-survey ratings for a movie from its plot summary. How central is a message or theme to this work, as opposed to plot, character, or spectacle? Answer 1 (not thematic at all) to 5 (deeply theme-driven). Return ONLY JSON {""v"": number}.",False,False,False
external_upheaval,film,prompts_master,False,"You are estimating audience-survey ratings for a movie from its plot summary. How much does the protagonist's external world and situation change from beginning to end, apart from any inner change? Answer 1 (barely at all) to 5 (transformed completely). Return ONLY JSON {""v"": number}.","You are estimating audience-survey ratings for a movie from its plot summary. How much does the protagonist's external world and situation change from beginning to end, apart from any inner change? Answer 1 (barely at all) to 5 (transformed completely). Return ONLY JSON {""v"": number}.",False,False,False
felt_about,film,prompts_master,False,"You are estimating audience-survey ratings for a movie from its plot summary. Overall, how much would an audience enjoy this? Answer on a scale of 1 (hated it) to 7 (loved it). Return ONLY JSON {""v"": number}.","You are estimating audience-survey ratings for a movie from its plot summary. Overall, how much would an audience enjoy this? Answer on a scale of 1 (hated it) to 7 (loved it). Return ONLY JSON {""v"": number}.",False,False,False
identity_disability_status,film,prompts_master,False,"You are estimating audience-survey ratings for a movie from its plot summary. Does the main protagonist belong to a historically marginalized group on the basis of disability? Answer 0 (no) or 1 (yes). Return ONLY JSON {""v"": number}.","You are estimating audience-survey ratings for a movie from its plot summary. Does the main protagonist belong to a historically marginalized group on the basis of disability? Answer 0 (no) or 1 (yes). Return ONLY JSON {""v"": number}.",False,False,False
identity_ethnicity,film,prompts_master,False,"You are estimating audience-survey ratings for a movie from its plot summary. Does the main protagonist belong to a historically marginalized group on the basis of ethnicity? Answer 0 (no) or 1 (yes). Return ONLY JSON {""v"": number}.","You are estimating audience-survey ratings for a movie from its plot summary. Does the main protagonist belong to a historically marginalized group on the basis of ethnicity? Answer 0 (no) or 1 (yes). Return ONLY JSON {""v"": number}.",False,False,False
identity_gender_identity,film,prompts_master,False,"You are estimating audience-survey ratings for a movie from its plot summary. Does the main protagonist belong to a historically marginalized group on the basis of gender identity? Answer 0 (no) or 1 (yes). Return ONLY JSON {""v"": number}.","You are estimating audience-survey ratings for a movie from its plot summary. Does the main protagonist belong to a historically marginalized group on the basis of gender identity? Answer 0 (no) or 1 (yes). Return ONLY JSON {""v"": number}.",False,False,False
identity_language,film,prompts_master,False,"You are estimating audience-survey ratings for a movie from its plot summary. Does the main protagonist belong to a historically marginalized group on the basis of language? Answer 0 (no) or 1 (yes). Return ONLY JSON {""v"": number}.","You are estimating audience-survey ratings for a movie from its plot summary. Does the main protagonist belong to a historically marginalized group on the basis of language? Answer 0 (no) or 1 (yes). Return ONLY JSON {""v"": number}.",False,False,False
identity_marginalized,film,prompts_master,False,"You are estimating audience-survey ratings for a movie from its plot summary. Does whichever protagonist scores highest on this belong to a historically marginalized group? Answer on a scale of 0 (no) or 1 (yes). Return ONLY JSON {""v"": number}.","You are estimating audience-survey ratings for a movie from its plot summary. Does whichever protagonist scores highest on this belong to a historically marginalized group? Answer on a scale of 0 (no) or 1 (yes). Return ONLY JSON {""v"": number}.",False,False,False
identity_race,film,prompts_master,False,"You are estimating audience-survey ratings for a movie from its plot summary. Does the main protagonist belong to a historically marginalized group on the basis of race? Answer 0 (no) or 1 (yes). Return ONLY JSON {""v"": number}.","You are estimating audience-survey ratings for a movie from its plot summary. Does the main protagonist belong to a historically marginalized group on the basis of race? Answer 0 (no) or 1 (yes). Return ONLY JSON {""v"": number}.",False,False,False
identity_religion,film,prompts_master,False,"You are estimating audience-survey ratings for a movie from its plot summary. Does the main protagonist belong to a historically marginalized group on the basis of religion? Answer 0 (no) or 1 (yes). Return ONLY JSON {""v"": number}.","You are estimating audience-survey ratings for a movie from its plot summary. Does the main protagonist belong to a historically marginalized group on the basis of religion? Answer 0 (no) or 1 (yes). Return ONLY JSON {""v"": number}.",False,False,False
identity_socioeconomic_status,film,prompts_master,False,"You are estimating audience-survey ratings for a movie from its plot summary. Does the main protagonist belong to a historically marginalized group on the basis of socioeconomic class? Answer 0 (no) or 1 (yes). Return ONLY JSON {""v"": number}.","You are estimating audience-survey ratings for a movie from its plot summary. Does the main protagonist belong to a historically marginalized group on the basis of socioeconomic class? Answer 0 (no) or 1 (yes). Return ONLY JSON {""v"": number}.",False,False,False
immersive_setting,film,prompts_master,False,"You are estimating audience-survey ratings for a movie from its plot summary. How immersive (fully realized, richly detailed) is its settings on average? Answer on a scale of 1 (not at all) to 7 (extremely). Return ONLY JSON {""v"": number}.","You are estimating audience-survey ratings for a movie from its plot summary. How immersive (fully realized, richly detailed) is its settings on average? Answer on a scale of 1 (not at all) to 7 (extremely). Return ONLY JSON {""v"": number}.",False,False,False
inevitability,film,prompts_master,False,"You are estimating audience-survey ratings for a movie from its plot summary. Did the ending feel destined and inevitable, as though events had to unfold exactly this way, rather than arbitrary or contrived? Answer 1 (entirely arbitrary) to 7 (utterly inevitable). Return ONLY JSON {""v"": number}.","You are estimating audience-survey ratings for a movie from its plot summary. Did the ending feel destined and inevitable, as though events had to unfold exactly this way, rather than arbitrary or contrived? Answer 1 (entirely arbitrary) to 7 (utterly inevitable). Return ONLY JSON {""v"": number}.",False,False,False
likable,film,prompts_master,False,"You are estimating audience-survey ratings for a movie from its plot summary. How likable is the main protagonist? Answer on a scale of 1 (very dislikable) to 5 (very likable). Return ONLY JSON {""v"": number}.","You are estimating audience-survey ratings for a movie from its plot summary. How likable is the main protagonist? Answer on a scale of 1 (very dislikable) to 5 (very likable). Return ONLY JSON {""v"": number}.",False,False,False
n_side_characters,film,prompts_master,False,"You are estimating audience-survey ratings for a movie from its plot summary. Approximately how many named side characters appear? Answer on a scale of a single number. Return ONLY JSON {""v"": number}.","You are estimating audience-survey ratings for a movie from its plot summary. Approximately how many named side characters appear? Answer on a scale of a single number. Return ONLY JSON {""v"": number}.",False,False,False
proactive,film,prompts_master,False,"You are estimating audience-survey ratings for a movie from its plot summary. How proactive rather than passive is the main protagonist? Answer on a scale of 1 (very passive) to 5 (very proactive). Return ONLY JSON {""v"": number}.","You are estimating audience-survey ratings for a movie from its plot summary. How proactive rather than passive is the main protagonist? Answer on a scale of 1 (very passive) to 5 (very proactive). Return ONLY JSON {""v"": number}.",False,False,False
protag_invested,film,prompts_master,False,"You are estimating audience-survey ratings for a movie from its plot summary. How emotionally invested would a viewer be in the main protagonist? Answer on a scale of 1 (not at all) to 7 (extremely). Return ONLY JSON {""v"": number}.","You are estimating audience-survey ratings for a movie from its plot summary. How emotionally invested would a viewer be in the main protagonist? Answer on a scale of 1 (not at all) to 7 (extremely). Return ONLY JSON {""v"": number}.",False,False,False
protag_real,film,prompts_master,False,"You are estimating audience-survey ratings for a movie from its plot summary. How real and believable does the protagonists on average feel? Answer on a scale of 1 (not at all) to 7 (extremely). Return ONLY JSON {""v"": number}.","You are estimating audience-survey ratings for a movie from its plot summary. How real and believable does the protagonists on average feel? Answer on a scale of 1 (not at all) to 7 (extremely). Return ONLY JSON {""v"": number}.",False,False,False
protag_relatable,film,prompts_master,False,"You are estimating audience-survey ratings for a movie from its plot summary. How relatable is the main protagonist? Answer on a scale of 1 (not at all) to 7 (extremely). Return ONLY JSON {""v"": number}.","You are estimating audience-survey ratings for a movie from its plot summary. How relatable is the main protagonist? Answer on a scale of 1 (not at all) to 7 (extremely). Return ONLY JSON {""v"": number}.",False,False,False
side_char_importance,film,prompts_master,False,"You are estimating audience-survey ratings for a movie from its plot summary. How important are the side characters? Answer on a scale of 1 (very unimportant) to 5 (very important). Return ONLY JSON {""v"": number}.","You are estimating audience-survey ratings for a movie from its plot summary. How important are the side characters? Answer on a scale of 1 (very unimportant) to 5 (very important). Return ONLY JSON {""v"": number}.",False,True,False
mood_Lighthearted,book,prompts_master,False,"On a scale 0-100, how strongly does the mood 'Lighthearted' apply to this book based on its plot? Return ONLY JSON {""v"": number}.","On a scale 0-100, how strongly does the mood 'Lighthearted' apply to this book based on its plot? Return ONLY JSON {""v"": number}.",False,False,False
book_narr_share,book,prompts_master,False,"You are estimating audience-survey ratings for a book from its plot. Predict what SHARE of the book is told from the PRIMARY narrator's point of view: 1 = some, 2 = about half, 3 = most, 4 = all. Return ONLY JSON {""v"": number}.","You are estimating audience-survey ratings for a book from its plot. Predict what SHARE of the book is told from the PRIMARY narrator's point of view: 1 = some, 2 = about half, 3 = most, 4 = all. Return ONLY JSON {""v"": number}.",False,False,False
book_plot_driven,book,split_grids,False,"Score this book from its Wikipedia plot. How plot-driven is this book (emphasis on external events)? 1=not at all..5=extremely. Return ONLY JSON {""v"": number}.","Score this book from its Wikipedia plot. How plot-driven is this book (emphasis on external events)? 1=not at all..5=extremely. Return ONLY JSON {""v"": number}.",False,False,False
tone_Caring,book,prompts_master,False,"On a scale 0-100, how strongly does 'Caring' describe the narrator tone of this book based on its plot? Return ONLY JSON {""v"": number}.","On a scale 0-100, how strongly does 'Caring' describe the narrator tone of this book based on its plot? Return ONLY JSON {""v"": number}.",False,False,False
book_moved_intellectual,book,split_grids,False,"Score this book from its Wikipedia plot. To what extent would the audience feel moved on an INTELLECTUAL basis? 1=not at all..5=extremely. Return ONLY JSON {""v"": number}.","Score this book from its Wikipedia plot. To what extent would the audience feel moved on an INTELLECTUAL basis? 1=not at all..5=extremely. Return ONLY JSON {""v"": number}.",False,False,False
tone_Depressed,book,prompts_master,False,"On a scale 0-100, how strongly does 'Depressed' describe the narrator tone of this book based on its plot? Return ONLY JSON {""v"": number}.","On a scale 0-100, how strongly does 'Depressed' describe the narrator tone of this book based on its plot? Return ONLY JSON {""v"": number}.",False,False,False
book_familiar_world,book,prompts_master,False,"Based only on this book's plot, answer: How familiar (vs strange/alien) is the world of the book? Give a number 1-7 (1=lowest, 7=highest). Return ONLY JSON {""v"": number}.","Based only on this book's plot, answer: How familiar (vs strange/alien) is the world of the book? Give a number 1-7 (1=lowest, 7=highest). Return ONLY JSON {""v"": number}.",False,False,False
book_Q659_dlg_engaging,book,prompts_master,False,"You are estimating audience-survey ratings for a book from its plot. Predict how ENGAGING a typical reader would find the dialogue, from 1 (not at all) to 7 (extremely). Return ONLY JSON {""v"": number}.","You are estimating audience-survey ratings for a book from its plot. Predict how ENGAGING a typical reader would find the dialogue, from 1 (not at all) to 7 (extremely). Return ONLY JSON {""v"": number}.",False,False,False
mood_Whimsical,book,prompts_master,False,"On a scale 0-100, how strongly does the mood 'Whimsical' apply to this book based on its plot? Return ONLY JSON {""v"": number}.","On a scale 0-100, how strongly does the mood 'Whimsical' apply to this book based on its plot? Return ONLY JSON {""v"": number}.",False,False,False
book_character_driven,book,split_grids,False,"Score this book from its Wikipedia plot. How character-driven is this book (internal needs drive the story)? 1=not at all..5=extremely. Return ONLY JSON {""v"": number}.","Score this book from its Wikipedia plot. How character-driven is this book (internal needs drive the story)? 1=not at all..5=extremely. Return ONLY JSON {""v"": number}.",False,False,False
mood_Dark,book,prompts_master,False,"On a scale 0-100, how strongly does the mood 'Dark' apply to this book based on its plot? Return ONLY JSON {""v"": number}.","On a scale 0-100, how strongly does the mood 'Dark' apply to this book based on its plot? Return ONLY JSON {""v"": number}.",False,False,False
book_pace,book,prompts_master,False,"Consider this book. How would you describe the pace of the book (1=very slow..7=very fast)? Respond 1 (not at all) to 7 (extremely). Return ONLY JSON {""v"": number}.","Consider this book. How would you describe the pace of the book (1=very slow..7=very fast)? Respond 1 (not at all) to 7 (extremely). Return ONLY JSON {""v"": number}.",False,False,False
book_Q484_scifi,book,prompts_master,False,"You are estimating audience-survey ratings for a book from its plot. Predict how SCIENCE-FICTIONAL (alternative ways of life made plausible by science/technology) a typical reader would rate the world of the book, from 1 (not at all) to 7 (extremely). Return ONLY JSON {""v"": number}.","You are estimating audience-survey ratings for a book from its plot. Predict how SCIENCE-FICTIONAL (alternative ways of life made plausible by science/technology) a typical reader would rate the world of the book, from 1 (not at all) to 7 (extremely). Return ONLY JSON {""v"": number}.",False,False,False
book_vivid_setting,book,prompts_master,False,"You are estimating audience-survey ratings for a book from its plot summary. How vivid (sensory, vividly evoked) is its single most extreme setting on this? Answer on a scale of 1 (not at all) to 7 (extremely). Return ONLY JSON {""v"": number}.","You are estimating audience-survey ratings for a book from its plot summary. How vivid (sensory, vividly evoked) is its single most extreme setting on this? Answer on a scale of 1 (not at all) to 7 (extremely). Return ONLY JSON {""v"": number}.",False,False,False
mood_Funny,book,prompts_master,False,"On a scale 0-100, how strongly does the mood 'Funny' apply to this book based on its plot? Return ONLY JSON {""v"": number}.","On a scale 0-100, how strongly does the mood 'Funny' apply to this book based on its plot? Return ONLY JSON {""v"": number}.",False,False,False
tone_Philosophical,book,prompts_master,False,"On a scale 0-100, how strongly does 'Philosophical' describe the narrator tone of this book based on its plot? Return ONLY JSON {""v"": number}.","On a scale 0-100, how strongly does 'Philosophical' describe the narrator tone of this book based on its plot? Return ONLY JSON {""v"": number}.",False,False,False
book_Q209_n_protagonists,book,prompts_master,False,"You are estimating audience-survey ratings for a book from its plot. Predict the NUMBER of protagonists (principal characters at the heart of the story) in the book, from 1 to 5 (5 meaning five or more). Return ONLY JSON {""v"": number}.","You are estimating audience-survey ratings for a book from its plot. Predict the NUMBER of protagonists (principal characters at the heart of the story) in the book, from 1 to 5 (5 meaning five or more). Return ONLY JSON {""v"": number}.",False,False,False
mood_Bleak,book,prompts_master,False,"On a scale 0-100, how strongly does the mood 'Bleak' apply to this book based on its plot? Return ONLY JSON {""v"": number}.","On a scale 0-100, how strongly does the mood 'Bleak' apply to this book based on its plot? Return ONLY JSON {""v"": number}.",False,False,False
tone_Juvenile,book,prompts_master,False,"On a scale 0-100, how strongly does 'Juvenile' describe the narrator tone of this book based on its plot? Return ONLY JSON {""v"": number}.","On a scale 0-100, how strongly does 'Juvenile' describe the narrator tone of this book based on its plot? Return ONLY JSON {""v"": number}.",False,False,False
mood_Bittersweet,book,prompts_master,False,"On a scale 0-100, how strongly does the mood 'Bittersweet' apply to this book based on its plot? Return ONLY JSON {""v"": number}.","On a scale 0-100, how strongly does the mood 'Bittersweet' apply to this book based on its plot? Return ONLY JSON {""v"": number}.",False,False,False
book_clear_prose,book,prompts_master,False,"Based only on this book's plot, answer: How clear/easy-to-understand did you find the prose? Give a number 1-7 (1=lowest, 7=highest). Return ONLY JSON {""v"": number}.","Based only on this book's plot, answer: How clear/easy-to-understand did you find the prose? Give a number 1-7 (1=lowest, 7=highest). Return ONLY JSON {""v"": number}.",False,False,False
book_Q481_realistic,book,prompts_master,False,"You are estimating audience-survey ratings for a book from its plot. Predict how REALISTIC (plausible, true-to-life) a typical reader would rate the world of the book, from 1 (not at all) to 7 (extremely). Return ONLY JSON {""v"": number}.","You are estimating audience-survey ratings for a book from its plot. Predict how REALISTIC (plausible, true-to-life) a typical reader would rate the world of the book, from 1 (not at all) to 7 (extremely). Return ONLY JSON {""v"": number}.",False,False,False
mood_Quirky,book,prompts_master,False,"On a scale 0-100, how strongly does the mood 'Quirky' apply to this book based on its plot? Return ONLY JSON {""v"": number}.","On a scale 0-100, how strongly does the mood 'Quirky' apply to this book based on its plot? Return ONLY JSON {""v"": number}.",False,False,False
mood_Epic,book,prompts_master,False,"On a scale 0-100, how strongly does the mood 'Epic' apply to this book based on its plot? Return ONLY JSON {""v"": number}.","On a scale 0-100, how strongly does the mood 'Epic' apply to this book based on its plot? Return ONLY JSON {""v"": number}.",False,False,False
arc_proactive_Beginning,book,prompts_master,False,"Consider the single MAIN protagonist of this book. At the Beginning of the story, how proactive (motivated, taking action vs passive)? Answer 1-5 where 1=very passive, 5=very proactive. Return ONLY JSON {""v"": number}.","Consider the single MAIN protagonist of this book. At the Beginning of the story, how proactive (motivated, taking action vs passive)? Answer 1-5 where 1=very passive, 5=very proactive. Return ONLY JSON {""v"": number}.",False,False,False
mood_Tense,book,prompts_master,False,"On a scale 0-100, how strongly does the mood 'Tense' apply to this book based on its plot? Return ONLY JSON {""v"": number}.","On a scale 0-100, how strongly does the mood 'Tense' apply to this book based on its plot? Return ONLY JSON {""v"": number}.",False,False,False
mood_Tragic,book,prompts_master,False,"On a scale 0-100, how strongly does the mood 'Tragic' apply to this book based on its plot? Return ONLY JSON {""v"": number}.","On a scale 0-100, how strongly does the mood 'Tragic' apply to this book based on its plot? Return ONLY JSON {""v"": number}.",False,False,False
book_Q639_surprising,book,prompts_master,False,"You are estimating audience-survey ratings for a book from its plot. Predict how SURPRISING the ending is: 1 = very unsurprising / predictable, 7 = very surprising. Return ONLY JSON {""v"": number}.","You are estimating audience-survey ratings for a book from its plot. Predict how SURPRISING the ending is: 1 = very unsurprising / predictable, 7 = very surprising. Return ONLY JSON {""v"": number}.",False,False,False
writing_Accessible,book,prompts_master,False,"On a scale 0-100, how strongly does 'Accessible' describe the writing style of this book based on its plot? Return ONLY JSON {""v"": number}.","On a scale 0-100, how strongly does 'Accessible' describe the writing style of this book based on its plot? Return ONLY JSON {""v"": number}.",False,False,False
arc_competent_Beginning,book,prompts_master,False,"Consider the single MAIN protagonist of this book. At the Beginning of the story, how competent (effective at what they attempt)? Answer 1-5 where 1=very incompetent, 5=very competent. Return ONLY JSON {""v"": number}.","Consider the single MAIN protagonist of this book. At the Beginning of the story, how competent (effective at what they attempt)? Answer 1-5 where 1=very incompetent, 5=very competent. Return ONLY JSON {""v"": number}.",False,False,False
book_themes_interesting,book,prompts_master,False,"Based only on this book's plot, answer: How interesting are the book’s themes/core ideas? Give a number 1-7 (1=lowest, 7=highest). Return ONLY JSON {""v"": number}.","Based only on this book's plot, answer: How interesting are the book’s themes/core ideas? Give a number 1-7 (1=lowest, 7=highest). Return ONLY JSON {""v"": number}.",False,False,False
writing_Minimalist,book,prompts_master,False,"On a scale 0-100, how strongly does 'Minimalist' describe the writing style of this book based on its plot? Return ONLY JSON {""v"": number}.","On a scale 0-100, how strongly does 'Minimalist' describe the writing style of this book based on its plot? Return ONLY JSON {""v"": number}.",False,False,False
book_Q13_liked_vs_exp,book,prompts_master,False,"You are estimating audience-survey ratings for a book from its plot. Predict how much a typical reader LIKED the book relative to their prior expectations: 1 = much less than expected, 3 = about as expected, 5 = much more than expected. Return ONLY JSON {""v"": number}.","You are estimating audience-survey ratings for a book from its plot. Predict how much a typical reader LIKED the book relative to their prior expectations: 1 = much less than expected, 3 = about as expected, 5 = much more than expected. Return ONLY JSON {""v"": number}.",False,False,False
mood_Chilling,book,prompts_master,False,"From this book's plot, does the mood 'Chilling' apply? Return ONLY JSON {""v"": 0 or 1}.","From this book's plot, does the mood 'Chilling' apply? Return ONLY JSON {""v"": 0 or 1}.",False,False,False
writing_Humorous,book,prompts_master,False,"On a scale 0-100, how strongly does 'Humorous' describe the writing style of this book based on its plot? Return ONLY JSON {""v"": number}.","On a scale 0-100, how strongly does 'Humorous' describe the writing style of this book based on its plot? Return ONLY JSON {""v"": number}.",False,False,False
book_Q245_protag_real,book,prompts_master,False,"You are estimating audience-survey ratings for a book from its plot. Predict how REAL (believable, lifelike) the main protagonist would feel to a typical reader, from 1 (not at all) to 7 (extremely). Return ONLY JSON {""v"": number}.","You are estimating audience-survey ratings for a book from its plot. Predict how REAL (believable, lifelike) the main protagonist would feel to a typical reader, from 1 (not at all) to 7 (extremely). Return ONLY JSON {""v"": number}.",False,False,False
tone_Devil_may_care,book,prompts_master,False,"On a scale 0-100, how strongly does 'Devil-may-care' describe the narrator tone of this book based on its plot? Return ONLY JSON {""v"": number}.","On a scale 0-100, how strongly does 'Devil-may-care' describe the narrator tone of this book based on its plot? Return ONLY JSON {""v"": number}.",False,False,False
arc_competent_Middle,book,prompts_master,False,"Consider the single MAIN protagonist of this book. At the Middle of the story, how competent (effective at what they attempt)? Answer 1-5 where 1=very incompetent, 5=very competent. Return ONLY JSON {""v"": number}.","Consider the single MAIN protagonist of this book. At the Middle of the story, how competent (effective at what they attempt)? Answer 1-5 where 1=very incompetent, 5=very competent. Return ONLY JSON {""v"": number}.",False,False,False
tone_Irreverent,book,prompts_master,False,"On a scale 0-100, how strongly does 'Irreverent' describe the narrator tone of this book based on its plot? Return ONLY JSON {""v"": number}.","On a scale 0-100, how strongly does 'Irreverent' describe the narrator tone of this book based on its plot? Return ONLY JSON {""v"": number}.",False,False,False
tone_Anxious,book,prompts_master,False,"On a scale 0-100, how strongly does 'Anxious' describe the narrator tone of this book based on its plot? Return ONLY JSON {""v"": number}.","On a scale 0-100, how strongly does 'Anxious' describe the narrator tone of this book based on its plot? Return ONLY JSON {""v"": number}.",False,False,False
writing_Dark,book,prompts_master,False,"On a scale 0-100, how strongly does 'Dark' describe the writing style of this book based on its plot? Return ONLY JSON {""v"": number}.","On a scale 0-100, how strongly does 'Dark' describe the writing style of this book based on its plot? Return ONLY JSON {""v"": number}.",False,False,False
book_Q670_imp_dialogue,book,prompts_master,False,"You are estimating audience-survey ratings for a book from its plot. Predict how IMPORTANT the dialogue is to a reader's experience of the book: 1 = not at all important, 5 = most important. Return ONLY JSON {""v"": number}.","You are estimating audience-survey ratings for a book from its plot. Predict how IMPORTANT the dialogue is to a reader's experience of the book: 1 = not at all important, 5 = most important. Return ONLY JSON {""v"": number}.",False,False,False
book_convincing_plot,book,prompts_master,False,"Consider this book. How convincing (believable) did you find the plot? Respond 1 (not at all) to 7 (extremely). Return ONLY JSON {""v"": number}.","Consider this book. How convincing (believable) did you find the plot? Respond 1 (not at all) to 7 (extremely). Return ONLY JSON {""v"": number}.",False,False,False
writing_Ironic,book,prompts_master,False,"On a scale 0-100, how strongly does 'Ironic' describe the writing style of this book based on its plot? Return ONLY JSON {""v"": number}.","On a scale 0-100, how strongly does 'Ironic' describe the writing style of this book based on its plot? Return ONLY JSON {""v"": number}.",False,False,False
writing_Verbose,book,prompts_master,False,"On a scale 0-100, how strongly does 'Verbose' describe the writing style of this book based on its plot? Return ONLY JSON {""v"": number}.","On a scale 0-100, how strongly does 'Verbose' describe the writing style of this book based on its plot? Return ONLY JSON {""v"": number}.",False,False,False
arc_likable_End,book,prompts_master,False,"Consider the single MAIN protagonist of this book. At the End of the story, how likable (easy to relate to, empathize with, root for)? Answer 1-5 where 1=very dislikable, 5=very likable. Return ONLY JSON {""v"": number}.","Consider the single MAIN protagonist of this book. At the End of the story, how likable (easy to relate to, empathize with, root for)? Answer 1-5 where 1=very dislikable, 5=very likable. Return ONLY JSON {""v"": number}.",False,False,False
tone_Confident,book,prompts_master,False,"On a scale 0-100, how strongly does 'Confident' describe the narrator tone of this book based on its plot? Return ONLY JSON {""v"": number}.","On a scale 0-100, how strongly does 'Confident' describe the narrator tone of this book based on its plot? Return ONLY JSON {""v"": number}.",False,False,False
writing_Sophisticated,book,prompts_master,False,"On a scale 0-100, how strongly does 'Sophisticated' describe the writing style of this book based on its plot? Return ONLY JSON {""v"": number}.","On a scale 0-100, how strongly does 'Sophisticated' describe the writing style of this book based on its plot? Return ONLY JSON {""v"": number}.",False,False,False
tone_Overwrought,book,prompts_master,False,"On a scale 0-100, how strongly does 'Overwrought' describe the narrator tone of this book based on its plot? Return ONLY JSON {""v"": number}.","On a scale 0-100, how strongly does 'Overwrought' describe the narrator tone of this book based on its plot? Return ONLY JSON {""v"": number}.",False,False,False
writing_Lyrical,book,prompts_master,False,"On a scale 0-100, how strongly does 'Lyrical' describe the writing style of this book based on its plot? Return ONLY JSON {""v"": number}.","On a scale 0-100, how strongly does 'Lyrical' describe the writing style of this book based on its plot? Return ONLY JSON {""v"": number}.",False,False,False
tone_All_knowing,book,prompts_master,False,"On a scale 0-100, how strongly does 'All-knowing' describe the narrator tone of this book based on its plot? Return ONLY JSON {""v"": number}.","On a scale 0-100, how strongly does 'All-knowing' describe the narrator tone of this book based on its plot? Return ONLY JSON {""v"": number}.",False,False,False
tone_Crass,book,prompts_master,False,"On a scale 0-100, how strongly does 'Crass' describe the narrator tone of this book based on its plot? Return ONLY JSON {""v"": number}.","On a scale 0-100, how strongly does 'Crass' describe the narrator tone of this book based on its plot? Return ONLY JSON {""v"": number}.",False,False,False
arc_proactive_End,book,prompts_master,False,"Consider the single MAIN protagonist of this book. At the End of the story, how proactive (motivated, taking action vs passive)? Answer 1-5 where 1=very passive, 5=very proactive. Return ONLY JSON {""v"": number}.","Consider the single MAIN protagonist of this book. At the End of the story, how proactive (motivated, taking action vs passive)? Answer 1-5 where 1=very passive, 5=very proactive. Return ONLY JSON {""v"": number}.",False,False,False
mood_Challenging,book,prompts_master,False,"On a scale 0-100, how strongly does the mood 'Challenging' apply to this book based on its plot? Return ONLY JSON {""v"": number}.","On a scale 0-100, how strongly does the mood 'Challenging' apply to this book based on its plot? Return ONLY JSON {""v"": number}.",False,False,False
book_setting_quality,book,prompts_master,False,"Consider this book. Rate the quality of the setting and world-building. Respond 1 (not at all) to 7 (extremely). Return ONLY JSON {""v"": number}.","Consider this book. Rate the quality of the setting and world-building. Respond 1 (not at all) to 7 (extremely). Return ONLY JSON {""v"": number}.",False,False,False
mood_Reflective,book,prompts_master,False,"From this book's plot, does the mood 'Reflective' apply? Return ONLY JSON {""v"": 0 or 1}.","From this book's plot, does the mood 'Reflective' apply? Return ONLY JSON {""v"": 0 or 1}.",False,False,False
tone_Warm,book,prompts_master,False,"On a scale 0-100, how strongly does 'Warm' describe the narrator tone of this book based on its plot? Return ONLY JSON {""v"": number}.","On a scale 0-100, how strongly does 'Warm' describe the narrator tone of this book based on its plot? Return ONLY JSON {""v"": number}.",False,False,False
book_Q640_confusing,book,prompts_master,False,"You are estimating audience-survey ratings for a book from its plot. Predict how EASY-TO-UNDERSTAND the ending is: 1 = very confusing, 7 = very easy to understand. Return ONLY JSON {""v"": number}.","You are estimating audience-survey ratings for a book from its plot. Predict how EASY-TO-UNDERSTAND the ending is: 1 = very confusing, 7 = very easy to understand. Return ONLY JSON {""v"": number}.",False,False,False
writing_Serious,book,prompts_master,False,"On a scale 0-100, how strongly does 'Serious' describe the writing style of this book based on its plot? Return ONLY JSON {""v"": number}.","On a scale 0-100, how strongly does 'Serious' describe the writing style of this book based on its plot? Return ONLY JSON {""v"": number}.",False,False,False
tone_Jaded,book,prompts_master,False,"On a scale 0-100, how strongly does 'Jaded' describe the narrator tone of this book based on its plot? Return ONLY JSON {""v"": number}.","On a scale 0-100, how strongly does 'Jaded' describe the narrator tone of this book based on its plot? Return ONLY JSON {""v"": number}.",False,False,False
tone_Sarcastic,book,prompts_master,False,"On a scale 0-100, how strongly does 'Sarcastic' describe the narrator tone of this book based on its plot? Return ONLY JSON {""v"": number}.","On a scale 0-100, how strongly does 'Sarcastic' describe the narrator tone of this book based on its plot? Return ONLY JSON {""v"": number}.",False,False,False
tone_Hypocritical,book,prompts_master,False,"On a scale 0-100, how strongly does 'Hypocritical' describe the narrator tone of this book based on its plot? Return ONLY JSON {""v"": number}.","On a scale 0-100, how strongly does 'Hypocritical' describe the narrator tone of this book based on its plot? Return ONLY JSON {""v"": number}.",False,False,False
book_Q247_protag_relatable,book,prompts_master,False,"You are estimating audience-survey ratings for a book from its plot. Predict how RELATABLE a typical reader would find the main protagonist, from 1 (not at all) to 7 (extremely). Return ONLY JSON {""v"": number}.","You are estimating audience-survey ratings for a book from its plot. Predict how RELATABLE a typical reader would find the main protagonist, from 1 (not at all) to 7 (extremely). Return ONLY JSON {""v"": number}.",False,False,False
mood_Inspirational,book,prompts_master,False,"On a scale 0-100, how strongly does the mood 'Inspirational' apply to this book based on its plot? Return ONLY JSON {""v"": number}.","On a scale 0-100, how strongly does the mood 'Inspirational' apply to this book based on its plot? Return ONLY JSON {""v"": number}.",False,False,False
arc_proactive_Middle,book,prompts_master,False,"Consider the single MAIN protagonist of this book. At the Middle of the story, how proactive (motivated, taking action vs passive)? Answer 1-5 where 1=very passive, 5=very proactive. Return ONLY JSON {""v"": number}.","Consider the single MAIN protagonist of this book. At the Middle of the story, how proactive (motivated, taking action vs passive)? Answer 1-5 where 1=very passive, 5=very proactive. Return ONLY JSON {""v"": number}.",False,False,False
book_opening_hook,book,prompts_master,False,"Consider this book. Did it begin with a hook (something dramatic, mysterious, or shocking)? Respond 1 (not at all) to 5 (extremely). Return ONLY JSON {""v"": number}.","Consider this book. Did it begin with a hook (something dramatic, mysterious, or shocking)? Respond 1 (not at all) to 5 (extremely). Return ONLY JSON {""v"": number}.",False,False,False
book_Q485_wb_relevance,book,prompts_master,False,"You are estimating audience-survey ratings for a book from its plot. Predict how RELEVANT world-building (the developed detail of an imaginary/immersive world) is to this book, from 1 (not at all relevant) to 5 (critically relevant). Return ONLY JSON {""v"": number}.","You are estimating audience-survey ratings for a book from its plot. Predict how RELEVANT world-building (the developed detail of an imaginary/immersive world) is to this book, from 1 (not at all relevant) to 5 (critically relevant). Return ONLY JSON {""v"": number}.",False,False,False
tone_Judgmental,book,prompts_master,False,"On a scale 0-100, how strongly does 'Judgmental' describe the narrator tone of this book based on its plot? Return ONLY JSON {""v"": number}.","On a scale 0-100, how strongly does 'Judgmental' describe the narrator tone of this book based on its plot? Return ONLY JSON {""v"": number}.",False,False,False
arc_likable_Middle,book,prompts_master,False,"Consider the single MAIN protagonist of this book. At the Middle of the story, how likable (easy to relate to, empathize with, root for)? Answer 1-5 where 1=very dislikable, 5=very likable. Return ONLY JSON {""v"": number}.","Consider the single MAIN protagonist of this book. At the Middle of the story, how likable (easy to relate to, empathize with, root for)? Answer 1-5 where 1=very dislikable, 5=very likable. Return ONLY JSON {""v"": number}.",False,False,False
tone_Dry,book,prompts_master,False,"On a scale 0-100, how strongly does 'Dry' describe the narrator tone of this book based on its plot? Return ONLY JSON {""v"": number}.","On a scale 0-100, how strongly does 'Dry' describe the narrator tone of this book based on its plot? Return ONLY JSON {""v"": number}.",False,False,False
book_Q638_resolved,book,prompts_master,False,"You are estimating audience-survey ratings for a book from its plot. Predict how RESOLVED the ending is: 1 = entirely unresolved (loose ends, ambiguous), 7 = entirely resolved (all threads tied up). Return ONLY JSON {""v"": number}.","You are estimating audience-survey ratings for a book from its plot. Predict how RESOLVED the ending is: 1 = entirely unresolved (loose ends, ambiguous), 7 = entirely resolved (all threads tied up). Return ONLY JSON {""v"": number}.",False,False,False
tone_Conniving,book,prompts_master,False,"On a scale 0-100, how strongly does 'Conniving' describe the narrator tone of this book based on its plot? Return ONLY JSON {""v"": number}.","On a scale 0-100, how strongly does 'Conniving' describe the narrator tone of this book based on its plot? Return ONLY JSON {""v"": number}.",False,False,False
book_immersive_setting,book,prompts_master,False,"You are estimating audience-survey ratings for a book from its plot summary. How immersive (fully realized, richly detailed) is its settings on average? Answer on a scale of 1 (not at all) to 7 (extremely). Return ONLY JSON {""v"": number}.","You are estimating audience-survey ratings for a book from its plot summary. How immersive (fully realized, richly detailed) is its settings on average? Answer on a scale of 1 (not at all) to 7 (extremely). Return ONLY JSON {""v"": number}.",False,False,False
book_Q727_char_quality,book,prompts_master,False,"You are estimating audience-survey ratings for a book from its plot. Predict how a typical reader would rate the QUALITY OF THE CHARACTER WRITING, from 1 (lowest) to 7 (highest). Return ONLY JSON {""v"": number}.","You are estimating audience-survey ratings for a book from its plot. Predict how a typical reader would rate the QUALITY OF THE CHARACTER WRITING, from 1 (lowest) to 7 (highest). Return ONLY JSON {""v"": number}.",False,False,False
book_Q469_imp_characters,book,prompts_master,False,"You are estimating audience-survey ratings for a book from its plot. Predict how IMPORTANT the characters are to a reader's experience of the book, relative to other elements: 1 = not at all important, 5 = most important. Return ONLY JSON {""v"": number}.","You are estimating audience-survey ratings for a book from its plot. Predict how IMPORTANT the characters are to a reader's experience of the book, relative to other elements: 1 = not at all important, 5 = most important. Return ONLY JSON {""v"": number}.",False,False,False
mood_Energetic,book,prompts_master,False,"On a scale 0-100, how strongly does the mood 'Energetic' apply to this book based on its plot? Return ONLY JSON {""v"": number}.","On a scale 0-100, how strongly does the mood 'Energetic' apply to this book based on its plot? Return ONLY JSON {""v"": number}.",False,False,False
tone_Laid_back,book,prompts_master,False,"On a scale 0-100, how strongly does 'Laid-back' describe the narrator tone of this book based on its plot? Return ONLY JSON {""v"": number}.","On a scale 0-100, how strongly does 'Laid-back' describe the narrator tone of this book based on its plot? Return ONLY JSON {""v"": number}.",False,False,False
writing_Straightforward,book,prompts_master,False,"On a scale 0-100, how strongly does 'Straightforward' describe the writing style of this book based on its plot? Return ONLY JSON {""v"": number}.","On a scale 0-100, how strongly does 'Straightforward' describe the writing style of this book based on its plot? Return ONLY JSON {""v"": number}.",False,False,False
tone_Optimistic,book,prompts_master,False,"On a scale 0-100, how strongly does 'Optimistic' describe the narrator tone of this book based on its plot? Return ONLY JSON {""v"": number}.","On a scale 0-100, how strongly does 'Optimistic' describe the narrator tone of this book based on its plot? Return ONLY JSON {""v"": number}.",False,False,False
mood_Optimistic,book,prompts_master,False,"On a scale 0-100, how strongly does the mood 'Optimistic' apply to this book based on its plot? Return ONLY JSON {""v"": number}.","On a scale 0-100, how strongly does the mood 'Optimistic' apply to this book based on its plot? Return ONLY JSON {""v"": number}.",False,False,False
book_Q487_n_settings,book,prompts_master,False,"You are estimating audience-survey ratings for a book from its plot. Predict the NUMBER of major settings (distinct high-level places/worlds) in the book, from 1 to 5 (5 meaning five or more). Return ONLY JSON {""v"": number}.","You are estimating audience-survey ratings for a book from its plot. Predict the NUMBER of major settings (distinct high-level places/worlds) in the book, from 1 to 5 (5 meaning five or more). Return ONLY JSON {""v"": number}.",False,False,False
tone_Pessimistic,book,prompts_master,False,"On a scale 0-100, how strongly does 'Pessimistic' describe the narrator tone of this book based on its plot? Return ONLY JSON {""v"": number}.","On a scale 0-100, how strongly does 'Pessimistic' describe the narrator tone of this book based on its plot? Return ONLY JSON {""v"": number}.",False,False,False
book_character_change,book,prompts_master,False,"Rate this book on ONE survey question from its Wikipedia plot and reception. Question: How much did this protagonist change over the course of the book? [1=low to 5=high]. Return ONLY JSON {""v"": number}.","Rate this book on ONE survey question from its Wikipedia plot. Question: How much did this protagonist change over the course of the book? [1=low to 5=high]. Return ONLY JSON {""v"": number}.",False,False,False
mood_Gritty,book,prompts_master,False,"On a scale 0-100, how strongly does the mood 'Gritty' apply to this book based on its plot? Return ONLY JSON {""v"": number}.","On a scale 0-100, how strongly does the mood 'Gritty' apply to this book based on its plot? Return ONLY JSON {""v"": number}.",False,False,False
mood_Eerie,book,prompts_master,False,"On a scale 0-100, how strongly does the mood 'Eerie' apply to this book based on its plot? Return ONLY JSON {""v"": number}.","On a scale 0-100, how strongly does the mood 'Eerie' apply to this book based on its plot? Return ONLY JSON {""v"": number}.",False,False,False
mood_Adventurous,book,prompts_master,False,"On a scale 0-100, how strongly does the mood 'Adventurous' apply to this book based on its plot? Return ONLY JSON {""v"": number}.","On a scale 0-100, how strongly does the mood 'Adventurous' apply to this book based on its plot? Return ONLY JSON {""v"": number}.",False,False,False
book_Q664_dlg_quality,book,prompts_master,False,"You are estimating audience-survey ratings for a book from its plot. Predict the QUALITY of the dialogue a typical reader would report: 1 = very poor, 3 = acceptable, 5 = excellent. Return ONLY JSON {""v"": number}.","You are estimating audience-survey ratings for a book from its plot. Predict the QUALITY of the dialogue a typical reader would report: 1 = very poor, 3 = acceptable, 5 = excellent. Return ONLY JSON {""v"": number}.",False,False,False
book_plot_compelling,book,prompts_master,False,"Based only on this book's plot, answer: How compelling (interesting/engaging) is the plot? Give a number 1-7 (1=lowest, 7=highest). Return ONLY JSON {""v"": number}.","Based only on this book's plot, answer: How compelling (interesting/engaging) is the plot? Give a number 1-7 (1=lowest, 7=highest). Return ONLY JSON {""v"": number}.",False,False,False
book_Q483_fantastical,book,prompts_master,False,"You are estimating audience-survey ratings for a book from its plot. Predict how FANTASTICAL (fantasy-like, magical, not bound by real-world rules) a typical reader would rate the world of the book, from 1 (not at all) to 7 (extremely). Return ONLY JSON {""v"": number}.","You are estimating audience-survey ratings for a book from its plot. Predict how FANTASTICAL (fantasy-like, magical, not bound by real-world rules) a typical reader would rate the world of the book, from 1 (not at all) to 7 (extremely). Return ONLY JSON {""v"": number}.",False,False,False
writing_Meandering,book,prompts_master,False,"On a scale 0-100, how strongly does 'Meandering' describe the writing style of this book based on its plot? Return ONLY JSON {""v"": number}.","On a scale 0-100, how strongly does 'Meandering' describe the writing style of this book based on its plot? Return ONLY JSON {""v"": number}.",False,False,False
writing_Whimsical,book,prompts_master,False,"On a scale 0-100, how strongly does 'Whimsical' describe the writing style of this book based on its plot? Return ONLY JSON {""v"": number}.","On a scale 0-100, how strongly does 'Whimsical' describe the writing style of this book based on its plot? Return ONLY JSON {""v"": number}.",False,False,False
mood_Hopeful,book,prompts_master,False,"On a scale 0-100, how strongly does the mood 'Hopeful' apply to this book based on its plot? Return ONLY JSON {""v"": number}.","On a scale 0-100, how strongly does the mood 'Hopeful' apply to this book based on its plot? Return ONLY JSON {""v"": number}.",False,False,False
book_Q610_imp_setting,book,prompts_master,False,"You are estimating audience-survey ratings for a book from its plot. Predict how IMPORTANT the setting/world-building is to a reader's experience of the book: 1 = not at all important, 5 = most important. Return ONLY JSON {""v"": number}.","You are estimating audience-survey ratings for a book from its plot. Predict how IMPORTANT the setting/world-building is to a reader's experience of the book: 1 = not at all important, 5 = most important. Return ONLY JSON {""v"": number}.",False,False,False
book_interesting_writing_style,book,prompts_master,False,"Based only on this book's plot, answer: How interesting did you find the writing style? Give a number 1-7 (1=lowest, 7=highest). Return ONLY JSON {""v"": number}.","Based only on this book's plot, answer: How interesting did you find the writing style? Give a number 1-7 (1=lowest, 7=highest). Return ONLY JSON {""v"": number}.",False,False,False
mood_Melancholic,book,prompts_master,False,"On a scale 0-100, how strongly does the mood 'Melancholic' apply to this book based on its plot? Return ONLY JSON {""v"": number}.","On a scale 0-100, how strongly does the mood 'Melancholic' apply to this book based on its plot? Return ONLY JSON {""v"": number}.",False,False,False
mood_Wistful,book,prompts_master,False,"On a scale 0-100, how strongly does the mood 'Wistful' apply to this book based on its plot? Return ONLY JSON {""v"": number}.","On a scale 0-100, how strongly does the mood 'Wistful' apply to this book based on its plot? Return ONLY JSON {""v"": number}.",False,False,False
book_turning_points,book,prompts_master,False,"Based only on this book's plot, answer: Did the book feature major turning points? Give a number 1-5 (1=lowest, 5=highest). Return ONLY JSON {""v"": number}.","Based only on this book's plot, answer: Did the book feature major turning points? Give a number 1-5 (1=lowest, 5=highest). Return ONLY JSON {""v"": number}.",False,False,False
book_character_development,book,prompts_master,False,"Consider this book. How much strong personal development/internal change does the main character undergo? Respond 1 (not at all) to 7 (extremely). Return ONLY JSON {""v"": number}.","Consider this book. How much strong personal development/internal change does the main character undergo? Respond 1 (not at all) to 7 (extremely). Return ONLY JSON {""v"": number}.",False,False,False
tone_Resigned,book,prompts_master,False,"On a scale 0-100, how strongly does 'Resigned' describe the narrator tone of this book based on its plot? Return ONLY JSON {""v"": number}.","On a scale 0-100, how strongly does 'Resigned' describe the narrator tone of this book based on its plot? Return ONLY JSON {""v"": number}.",False,False,False
mood_Mysterious,book,prompts_master,False,"On a scale 0-100, how strongly does the mood 'Mysterious' apply to this book based on its plot? Return ONLY JSON {""v"": number}.","On a scale 0-100, how strongly does the mood 'Mysterious' apply to this book based on its plot? Return ONLY JSON {""v"": number}.",False,False,False
tone_Defiant,book,prompts_master,False,"On a scale 0-100, how strongly does 'Defiant' describe the narrator tone of this book based on its plot? Return ONLY JSON {""v"": number}.","On a scale 0-100, how strongly does 'Defiant' describe the narrator tone of this book based on its plot? Return ONLY JSON {""v"": number}.",False,False,False
mood_Raw,book,prompts_master,False,"On a scale 0-100, how strongly does the mood 'Raw' apply to this book based on its plot? Return ONLY JSON {""v"": number}.","On a scale 0-100, how strongly does the mood 'Raw' apply to this book based on its plot? Return ONLY JSON {""v"": number}.",False,False,False
book_moved_emotional,book,split_grids,False,"Score this book from its Wikipedia plot. To what extent would the audience feel moved on an EMOTIONAL basis? 1=not at all..5=extremely. Return ONLY JSON {""v"": number}.","Score this book from its Wikipedia plot. To what extent would the audience feel moved on an EMOTIONAL basis? 1=not at all..5=extremely. Return ONLY JSON {""v"": number}.",False,False,False
tone_Mischievous,book,prompts_master,False,"On a scale 0-100, how strongly does 'Mischievous' describe the narrator tone of this book based on its plot? Return ONLY JSON {""v"": number}.","On a scale 0-100, how strongly does 'Mischievous' describe the narrator tone of this book based on its plot? Return ONLY JSON {""v"": number}.",False,False,False
writing_Avant_garde,book,prompts_master,False,"On a scale 0-100, how strongly does 'Avant-garde' describe the writing style of this book based on its plot? Return ONLY JSON {""v"": number}.","On a scale 0-100, how strongly does 'Avant-garde' describe the writing style of this book based on its plot? Return ONLY JSON {""v"": number}.",False,False,False
book_evocative_prose,book,prompts_master,False,"Based only on this book's plot, answer: How evocative did you find the prose? Give a number 1-7 (1=lowest, 7=highest). Return ONLY JSON {""v"": number}.","Based only on this book's plot, answer: How evocative did you find the prose? Give a number 1-7 (1=lowest, 7=highest). Return ONLY JSON {""v"": number}.",False,False,False
mood_Surreal,book,prompts_master,False,"On a scale 0-100, how strongly does the mood 'Surreal' apply to this book based on its plot? Return ONLY JSON {""v"": number}.","On a scale 0-100, how strongly does the mood 'Surreal' apply to this book based on its plot? Return ONLY JSON {""v"": number}.",False,False,False
book_Q622_time_linearity,book,prompts_master,False,"You are estimating audience-survey ratings for a book from its plot. Predict the story's LINEARITY IN TIME: 1 = completely linear (events told in the order they happen), 4 = completely nonlinear (heavy flashbacks/jumps in time). Return ONLY JSON {""v"": number}.","You are estimating audience-survey ratings for a book from its plot. Predict the story's LINEARITY IN TIME: 1 = completely linear (events told in the order they happen), 4 = completely nonlinear (heavy flashbacks/jumps in time). Return ONLY JSON {""v"": number}.",False,False,False
mood_Dreamy,book,prompts_master,False,"On a scale 0-100, how strongly does the mood 'Dreamy' apply to this book based on its plot? Return ONLY JSON {""v"": number}.","On a scale 0-100, how strongly does the mood 'Dreamy' apply to this book based on its plot? Return ONLY JSON {""v"": number}.",False,False,False
mood_Romantic,book,prompts_master,False,"On a scale 0-100, how strongly does the mood 'Romantic' apply to this book based on its plot? Return ONLY JSON {""v"": number}.","On a scale 0-100, how strongly does the mood 'Romantic' apply to this book based on its plot? Return ONLY JSON {""v"": number}.",False,False,False
arc_competent_End,book,prompts_master,False,"Consider the single MAIN protagonist of this book. At the End of the story, how competent (effective at what they attempt)? Answer 1-5 where 1=very incompetent, 5=very competent. Return ONLY JSON {""v"": number}.","Consider the single MAIN protagonist of this book. At the End of the story, how competent (effective at what they attempt)? Answer 1-5 where 1=very incompetent, 5=very competent. Return ONLY JSON {""v"": number}.",False,False,False
mood_Sad,book,prompts_master,False,"On a scale 0-100, how strongly does the mood 'Sad' apply to this book based on its plot? Return ONLY JSON {""v"": number}.","On a scale 0-100, how strongly does the mood 'Sad' apply to this book based on its plot? Return ONLY JSON {""v"": number}.",False,False,False
book_satisfying_ending,book,prompts_master,False,"Consider this book. How satisfying is the ending? Respond 1 (not at all) to 7 (extremely). Return ONLY JSON {""v"": number}.","Consider this book. How satisfying is the ending? Respond 1 (not at all) to 7 (extremely). Return ONLY JSON {""v"": number}.",False,False,False
mood_Chaotic,book,prompts_master,False,"On a scale 0-100, how strongly does the mood 'Chaotic' apply to this book based on its plot? Return ONLY JSON {""v"": number}.","On a scale 0-100, how strongly does the mood 'Chaotic' apply to this book based on its plot? Return ONLY JSON {""v"": number}.",False,False,False
arc_likable_Beginning,book,prompts_master,False,"Consider the single MAIN protagonist of this book. At the Beginning of the story, how likable (easy to relate to, empathize with, root for)? Answer 1-5 where 1=very dislikable, 5=very likable. Return ONLY JSON {""v"": number}.","Consider the single MAIN protagonist of this book. At the Beginning of the story, how likable (easy to relate to, empathize with, root for)? Answer 1-5 where 1=very dislikable, 5=very likable. Return ONLY JSON {""v"": number}.",False,False,False
mood_Cozy,book,prompts_master,False,"On a scale 0-100, how strongly does the mood 'Cozy' apply to this book based on its plot? Return ONLY JSON {""v"": number}.","On a scale 0-100, how strongly does the mood 'Cozy' apply to this book based on its plot? Return ONLY JSON {""v"": number}.",False,False,False
book_Q246_protag_invest,book,prompts_master,False,"You are estimating audience-survey ratings for a book from its plot. Predict how EMOTIONALLY INVESTED a typical reader would be in the main protagonist, from 1 (not at all) to 7 (extremely). Return ONLY JSON {""v"": number}.","You are estimating audience-survey ratings for a book from its plot. Predict how EMOTIONALLY INVESTED a typical reader would be in the main protagonist, from 1 (not at all) to 7 (extremely). Return ONLY JSON {""v"": number}.",False,False,False
writing_Sparse,book,prompts_master,False,"On a scale 0-100, how strongly does 'Sparse' describe the writing style of this book based on its plot? Return ONLY JSON {""v"": number}.","On a scale 0-100, how strongly does 'Sparse' describe the writing style of this book based on its plot? Return ONLY JSON {""v"": number}.",False,False,False
mood_Heartwarming,book,prompts_master,False,"On a scale 0-100, how strongly does the mood 'Heartwarming' apply to this book based on its plot? Return ONLY JSON {""v"": number}.","On a scale 0-100, how strongly does the mood 'Heartwarming' apply to this book based on its plot? Return ONLY JSON {""v"": number}.",False,False,False
tone_Curious,book,prompts_master,False,"On a scale 0-100, how strongly does 'Curious' describe the narrator tone of this book based on its plot? Return ONLY JSON {""v"": number}.","On a scale 0-100, how strongly does 'Curious' describe the narrator tone of this book based on its plot? Return ONLY JSON {""v"": number}.",False,False,False
book_identity_relevance,book,prompts_master,False,"You are estimating audience-survey ratings for a book from its plot. For the main protagonist, predict how RELEVANT their marginalized-group identity (race, gender, class, sexuality, disability, etc.) is to their experience in the story: 1 = not at all relevant, 5 = extremely relevant. If no salient marginalized identity, answer 1. Return ONLY JSON {""v"": number}.","You are estimating audience-survey ratings for a book from its plot. For the main protagonist, predict how RELEVANT their marginalized-group identity (race, gender, class, sexuality, disability, etc.) is to their experience in the story: 1 = not at all relevant, 5 = extremely relevant. If no salient marginalized identity, answer 1. Return ONLY JSON {""v"": number}.",False,False,False
tone_Skeptical,book,prompts_master,False,"On a scale 0-100, how strongly does 'Skeptical' describe the narrator tone of this book based on its plot? Return ONLY JSON {""v"": number}.","On a scale 0-100, how strongly does 'Skeptical' describe the narrator tone of this book based on its plot? Return ONLY JSON {""v"": number}.",False,False,False
book_plot_event_relatedness,book,prompts_master,False,"Consider this book. How related was the sequence of plot events? Respond 1 (not at all) to 7 (extremely). Return ONLY JSON {""v"": number}.","Consider this book. How related was the sequence of plot events? Respond 1 (not at all) to 7 (extremely). Return ONLY JSON {""v"": number}.",False,False,False
8a_how_likable_was_this_protagonist_by_likable_we_mean_easy_to_relate,book,prompts_master,False,"Based only on this book's plot, answer: How likable was this protagonist? By likable, we mean easy to relate to, empathize with, and root for. Give a number 1-5 (1=lowest, 5=highest). Return ONLY JSON {""v"": number}.","Based only on this book's plot, answer: How likable was this protagonist? By likable, we mean easy to relate to, empathize with, and root for. Give a number 1-5 (1=lowest, 5=highest). Return ONLY JSON {""v"": number}.",False,False,False
8b_how_competent_was_this_protagonist_by_competent_we_mean_effective_a,book,prompts_master,False,"Consider this book. How competent was this protagonist? By competent, we mean effective at the activities and tasks that matter to them. Respond 1 (not at all) to 5 (extremely). Return ONLY JSON {""v"": number}.","Consider this book. How competent was this protagonist? By competent, we mean effective at the activities and tasks that matter to them. Respond 1 (not at all) to 5 (extremely). Return ONLY JSON {""v"": number}.",False,False,False
8c_how_proactive_was_this_protagonist_by_proactive_we_mean_motivated_a,book,prompts_master,False,"Consider this book. How proactive was this protagonist? By proactive, we mean motivated and taking steps to reach their goals. Respond 1 (not at all) to 5 (extremely). Return ONLY JSON {""v"": number}.","Consider this book. How proactive was this protagonist? By proactive, we mean motivated and taking steps to reach their goals. Respond 1 (not at all) to 5 (extremely). Return ONLY JSON {""v"": number}.",False,False,False
book_setting_when__around_present_day,book,prompts_master,False,"You are estimating audience-survey ratings for a book from its plot. Out of 100 typical viewers, how many would say this book takes place around present day? Answer 0-100. Return ONLY JSON {""v"": number}.","You are estimating audience-survey ratings for a book from its plot. Out of 100 typical viewers, how many would say this book takes place around present day? Answer 0-100. Return ONLY JSON {""v"": number}.",False,False,False
book_setting_when__in_the_near_past,book,prompts_master,False,"You are estimating audience-survey ratings for a book from its plot. Out of 100 typical viewers, how many would say this book takes place in the near past? Answer 0-100. Return ONLY JSON {""v"": number}.","You are estimating audience-survey ratings for a book from its plot. Out of 100 typical viewers, how many would say this book takes place in the near past? Answer 0-100. Return ONLY JSON {""v"": number}.",False,False,False
book_setting_when__in_the_distant_past,book,prompts_master,False,"You are estimating audience-survey ratings for a book from its plot. Out of 100 typical viewers, how many would say this book takes place in the distant past? Answer 0-100. Return ONLY JSON {""v"": number}.","You are estimating audience-survey ratings for a book from its plot. Out of 100 typical viewers, how many would say this book takes place in the distant past? Answer 0-100. Return ONLY JSON {""v"": number}.",False,False,False
book_setting_when__in_the_near_future,book,prompts_master,False,"You are estimating audience-survey ratings for a book from its plot. Out of 100 typical viewers, how many would say this book takes place in the near future? Answer 0-100. Return ONLY JSON {""v"": number}.","You are estimating audience-survey ratings for a book from its plot. Out of 100 typical viewers, how many would say this book takes place in the near future? Answer 0-100. Return ONLY JSON {""v"": number}.",False,False,False
book_setting_when__in_the_distant_future,book,prompts_master,False,"You are estimating audience-survey ratings for a book from its plot. Out of 100 typical viewers, how many would say this book takes place in the distant future? Answer 0-100. Return ONLY JSON {""v"": number}.","You are estimating audience-survey ratings for a book from its plot. Out of 100 typical viewers, how many would say this book takes place in the distant future? Answer 0-100. Return ONLY JSON {""v"": number}.",False,False,False
book_setting_where__somewhere_on_earth_that_really_exists,book,prompts_master,False,"You are estimating audience-survey ratings for a book from its plot. Out of 100 typical viewers, how many would say this book takes place somewhere on Earth that really exists? Answer 0-100. Return ONLY JSON {""v"": number}.","You are estimating audience-survey ratings for a book from its plot. Out of 100 typical viewers, how many would say this book takes place somewhere on Earth that really exists? Answer 0-100. Return ONLY JSON {""v"": number}.",False,False,False
book_setting_where__somewhere_on_earth_that_is_imaginary,book,prompts_master,False,"You are estimating audience-survey ratings for a book from its plot. Out of 100 typical viewers, how many would say this book takes place somewhere on Earth that is imaginary? Answer 0-100. Return ONLY JSON {""v"": number}.","You are estimating audience-survey ratings for a book from its plot. Out of 100 typical viewers, how many would say this book takes place somewhere on Earth that is imaginary? Answer 0-100. Return ONLY JSON {""v"": number}.",False,False,False
book_setting_where__somewhere_off_earth_that_is_imaginary,book,prompts_master,False,"You are estimating audience-survey ratings for a book from its plot. Out of 100 typical viewers, how many would say this book takes place somewhere off Earth that is imaginary? Answer 0-100. Return ONLY JSON {""v"": number}.","You are estimating audience-survey ratings for a book from its plot. Out of 100 typical viewers, how many would say this book takes place somewhere off Earth that is imaginary? Answer 0-100. Return ONLY JSON {""v"": number}.",False,False,False
book_plot_linearity,book,prompts_master,False,"You are estimating audience-survey ratings for a book from its plot. Predict the story's LINEARITY IN PLOT ORDER: 1 = completely linear (the plot is presented in a straight sequence), 4 = completely nonlinear (the plot is heavily reordered / told out of sequence). Return ONLY JSON {""v"": number}.","You are estimating audience-survey ratings for a book from its plot. Predict the story's LINEARITY IN PLOT ORDER: 1 = completely linear (the plot is presented in a straight sequence), 4 = completely nonlinear (the plot is heavily reordered / told out of sequence). Return ONLY JSON {""v"": number}.",False,False,False
book_ending_reversal,book,prompts_master,False,"In dramatic terms, does this movie's ending feature a PERIPETEIA - a sudden reversal of the protagonist's fortune or circumstances (a decisive turn from good to bad, or bad to good)? 3=major reversal, 2=moderate, 1=none. Return ONLY JSON {""v"": number}.","In dramatic terms, does this movie's ending feature a PERIPETEIA - a sudden reversal of the protagonist's fortune or circumstances (a decisive turn from good to bad, or bad to good)? 3=major reversal, 2=moderate, 1=none. Return ONLY JSON {""v"": number}.",False,False,False
book_num_narrators,book,prompts_master,False,"How many distinct narrators tell this book - separate narrative voices / point-of-view characters through whom the story is told? Return ONLY JSON {""v"": number}.","How many distinct narrators tell this book - separate narrative voices / point-of-view characters through whom the story is told? Return ONLY JSON {""v"": number}.",False,False,False
book_conflict_self,book,prompts_master,False,"To what extent is this book a ""protagonist versus self"" story - how central is self as the force the protagonist struggles against? 0 = not at all, 100 = the central conflict. Return ONLY JSON {""v"": number}.","To what extent is this book a ""protagonist versus self"" story - how central is self as the force the protagonist struggles against? 0 = not at all, 100 = the central conflict. Return ONLY JSON {""v"": number}.",False,False,False
book_conflict_other,book,prompts_master,False,"To what extent is this book a ""protagonist versus other"" story - how central is other as the force the protagonist struggles against? 0 = not at all, 100 = the central conflict. Return ONLY JSON {""v"": number}.","To what extent is this book a ""protagonist versus other"" story - how central is other as the force the protagonist struggles against? 0 = not at all, 100 = the central conflict. Return ONLY JSON {""v"": number}.",False,False,False
book_conflict_society,book,prompts_master,False,"To what extent is this book a ""protagonist versus society"" story - how central is society as the force the protagonist struggles against? 0 = not at all, 100 = the central conflict. Return ONLY JSON {""v"": number}.","To what extent is this book a ""protagonist versus society"" story - how central is society as the force the protagonist struggles against? 0 = not at all, 100 = the central conflict. Return ONLY JSON {""v"": number}.",False,False,False
book_conflict_nature,book,prompts_master,False,"To what extent is this book a ""protagonist versus nature"" story - how central is nature as the force the protagonist struggles against? 0 = not at all, 100 = the central conflict. Return ONLY JSON {""v"": number}.","To what extent is this book a ""protagonist versus nature"" story - how central is nature as the force the protagonist struggles against? 0 = not at all, 100 = the central conflict. Return ONLY JSON {""v"": number}.",False,False,False
book_conflict_technology,book,prompts_master,False,"To what extent is this book a ""protagonist versus technology"" story - how central is technology as the force the protagonist struggles against? 0 = not at all, 100 = the central conflict. Return ONLY JSON {""v"": number}.","To what extent is this book a ""protagonist versus technology"" story - how central is technology as the force the protagonist struggles against? 0 = not at all, 100 = the central conflict. Return ONLY JSON {""v"": number}.",False,False,False
book_conflict_fate,book,prompts_master,False,"To what extent is this book a ""protagonist versus fate"" story - how central is fate as the force the protagonist struggles against? 0 = not at all, 100 = the central conflict. Return ONLY JSON {""v"": number}.","To what extent is this book a ""protagonist versus fate"" story - how central is fate as the force the protagonist struggles against? 0 = not at all, 100 = the central conflict. Return ONLY JSON {""v"": number}.",False,False,False
book_shape_cinderella,book,prompts_master,False,"Think of the book's main character's fortune as a line rising and falling over the story. The ""Cinderella"" shape is when a rise in fortune, then a sharp setback, then a final rise to a happy ending (up-down-up). How well does this book fit the Cinderella shape? 0 = not at all, 100 = a perfect fit. Return ONLY JSON {""v"": number}.","Think of the book's main character's fortune as a line rising and falling over the story. The ""Cinderella"" shape is when a rise in fortune, then a sharp setback, then a final rise to a happy ending (up-down-up). How well does this book fit the Cinderella shape? 0 = not at all, 100 = a perfect fit. Return ONLY JSON {""v"": number}.",False,False,False
book_shape_rags_to_riches,book,prompts_master,False,"Think of the book's main character's fortune as a line rising and falling over the story. The ""Rags to Riches"" shape is when the main character begins low or unfortunate and undergoes a steady, largely uninterrupted rise into success, fortune, or happiness by the end (a continuous upward arc). How well does this book fit the Rags to Riches shape? 0 = not at all, 100 = a perfect fit. Return ONLY JSON {""v"": number}.","Think of the book's main character's fortune as a line rising and falling over the story. The ""Rags to Riches"" shape is when the main character begins low or unfortunate and undergoes a steady, largely uninterrupted rise into success, fortune, or happiness by the end (a continuous upward arc). How well does this book fit the Rags to Riches shape? 0 = not at all, 100 = a perfect fit. Return ONLY JSON {""v"": number}.",False,False,False
book_shape_riches_to_rags,book,prompts_master,False,"Think of the book's main character's fortune as a line rising and falling over the story. The ""Riches to Rags"" shape is when the main character begins high or fortunate and undergoes a steady, largely uninterrupted decline into misfortune, ruin, loss, or death by the end (a continuous downward arc, classic tragedy). How well does this book fit the Riches to Rags shape? 0 = not at all, 100 = a perfect fit. Return ONLY JSON {""v"": number}.","Think of the book's main character's fortune as a line rising and falling over the story. The ""Riches to Rags"" shape is when the main character begins high or fortunate and undergoes a steady, largely uninterrupted decline into misfortune, ruin, loss, or death by the end (a continuous downward arc, classic tragedy). How well does this book fit the Riches to Rags shape? 0 = not at all, 100 = a perfect fit. Return ONLY JSON {""v"": number}.",False,False,False
anagnorisis,book,prompts_master,False,"At the ending, does the main character (or characters) come to a major sudden realization, a crucial truth they grasp? Answer on a scale of 1 (no), 2 (somewhat), 3 (yes). Return ONLY JSON {""v"": number}.","At the ending, does the main character (or characters) come to a major sudden realization, a crucial truth they grasp? Answer on a scale of 1 (no), 2 (somewhat), 3 (yes). Return ONLY JSON {""v"": number}.",False,False,False
competent,book,prompts_master,False,"You are estimating audience-survey ratings for a book from its plot summary. How competent is the protagonists on average? Answer on a scale of 1 (very incompetent) to 5 (very competent). Return ONLY JSON {""v"": number}.","You are estimating audience-survey ratings for a book from its plot summary. How competent is the protagonists on average? Answer on a scale of 1 (very incompetent) to 5 (very competent). Return ONLY JSON {""v"": number}.",False,False,False
development,book,prompts_master,False,"You are estimating audience-survey ratings for a book from its plot summary. Does the protagonists on average undergo strong personal (internal) development? Answer on a scale of 1 (no), 2 (arguably), 3 (yes). Return ONLY JSON {""v"": number}.","You are estimating audience-survey ratings for a book from its plot summary. Does the protagonists on average undergo strong personal (internal) development? Answer on a scale of 1 (no), 2 (arguably), 3 (yes). Return ONLY JSON {""v"": number}.",False,False,False
element_message_or_theme,book,prompts_master,False,"You are estimating audience-survey ratings for a book from its plot summary. How central is a message or theme to this work, as opposed to plot, character, or spectacle? Answer 1 (not thematic at all) to 5 (deeply theme-driven). Return ONLY JSON {""v"": number}.","You are estimating audience-survey ratings for a book from its plot summary. How central is a message or theme to this work, as opposed to plot, character, or spectacle? Answer 1 (not thematic at all) to 5 (deeply theme-driven). Return ONLY JSON {""v"": number}.",False,False,False
identity_citizenship_status,book,prompts_master,False,"You are estimating audience-survey ratings for a book from its plot summary. Does the main protagonist belong to a historically marginalized group on the basis of citizenship status? Answer 0 (no) or 1 (yes). Return ONLY JSON {""v"": number}.","You are estimating audience-survey ratings for a book from its plot summary. Does the main protagonist belong to a historically marginalized group on the basis of citizenship status? Answer 0 (no) or 1 (yes). Return ONLY JSON {""v"": number}.",False,False,False
identity_disability_status,book,prompts_master,False,"You are estimating audience-survey ratings for a book from its plot summary. Does the main protagonist belong to a historically marginalized group on the basis of disability? Answer 0 (no) or 1 (yes). Return ONLY JSON {""v"": number}.","You are estimating audience-survey ratings for a book from its plot summary. Does the main protagonist belong to a historically marginalized group on the basis of disability? Answer 0 (no) or 1 (yes). Return ONLY JSON {""v"": number}.",False,False,False
identity_ethnicity,book,prompts_master,False,"You are estimating audience-survey ratings for a book from its plot summary. Does the main protagonist belong to a historically marginalized group on the basis of ethnicity? Answer 0 (no) or 1 (yes). Return ONLY JSON {""v"": number}.","You are estimating audience-survey ratings for a book from its plot summary. Does the main protagonist belong to a historically marginalized group on the basis of ethnicity? Answer 0 (no) or 1 (yes). Return ONLY JSON {""v"": number}.",False,False,False
identity_gender_identity,book,prompts_master,False,"You are estimating audience-survey ratings for a book from its plot summary. Does the main protagonist belong to a historically marginalized group on the basis of gender identity? Answer 0 (no) or 1 (yes). Return ONLY JSON {""v"": number}.","You are estimating audience-survey ratings for a book from its plot summary. Does the main protagonist belong to a historically marginalized group on the basis of gender identity? Answer 0 (no) or 1 (yes). Return ONLY JSON {""v"": number}.",False,False,False
identity_language,book,prompts_master,False,"You are estimating audience-survey ratings for a book from its plot summary. Does the main protagonist belong to a historically marginalized group on the basis of language? Answer 0 (no) or 1 (yes). Return ONLY JSON {""v"": number}.","You are estimating audience-survey ratings for a book from its plot summary. Does the main protagonist belong to a historically marginalized group on the basis of language? Answer 0 (no) or 1 (yes). Return ONLY JSON {""v"": number}.",False,False,False
identity_marginalized,book,prompts_master,False,"You are estimating audience-survey ratings for a book from its plot summary. Does whichever protagonist scores highest on this belong to a historically marginalized group? Answer on a scale of 0 (no) or 1 (yes). Return ONLY JSON {""v"": number}.","You are estimating audience-survey ratings for a book from its plot summary. Does whichever protagonist scores highest on this belong to a historically marginalized group? Answer on a scale of 0 (no) or 1 (yes). Return ONLY JSON {""v"": number}.",False,False,False
identity_race,book,prompts_master,False,"You are estimating audience-survey ratings for a book from its plot summary. Does the main protagonist belong to a historically marginalized group on the basis of race? Answer 0 (no) or 1 (yes). Return ONLY JSON {""v"": number}.","You are estimating audience-survey ratings for a book from its plot summary. Does the main protagonist belong to a historically marginalized group on the basis of race? Answer 0 (no) or 1 (yes). Return ONLY JSON {""v"": number}.",False,False,False
identity_religion,book,prompts_master,False,"You are estimating audience-survey ratings for a book from its plot summary. Does the main protagonist belong to a historically marginalized group on the basis of religion? Answer 0 (no) or 1 (yes). Return ONLY JSON {""v"": number}.","You are estimating audience-survey ratings for a book from its plot summary. Does the main protagonist belong to a historically marginalized group on the basis of religion? Answer 0 (no) or 1 (yes). Return ONLY JSON {""v"": number}.",False,False,False
identity_sexual_identity,book,prompts_master,False,"You are estimating audience-survey ratings for a book from its plot summary. Does the main protagonist belong to a historically marginalized group on the basis of sexual identity? Answer 0 (no) or 1 (yes). Return ONLY JSON {""v"": number}.","You are estimating audience-survey ratings for a book from its plot summary. Does the main protagonist belong to a historically marginalized group on the basis of sexual identity? Answer 0 (no) or 1 (yes). Return ONLY JSON {""v"": number}.",False,False,False
identity_socioeconomic_status,book,prompts_master,False,"You are estimating audience-survey ratings for a book from its plot summary. Does the main protagonist belong to a historically marginalized group on the basis of socioeconomic class? Answer 0 (no) or 1 (yes). Return ONLY JSON {""v"": number}.","You are estimating audience-survey ratings for a book from its plot summary. Does the main protagonist belong to a historically marginalized group on the basis of socioeconomic class? Answer 0 (no) or 1 (yes). Return ONLY JSON {""v"": number}.",False,False,False
immersive_setting,book,prompts_master,False,"You are estimating audience-survey ratings for a book from its plot summary. How immersive (fully realized, richly detailed) is its settings on average? Answer on a scale of 1 (not at all) to 7 (extremely). Return ONLY JSON {""v"": number}.","You are estimating audience-survey ratings for a book from its plot summary. How immersive (fully realized, richly detailed) is its settings on average? Answer on a scale of 1 (not at all) to 7 (extremely). Return ONLY JSON {""v"": number}.",False,False,False
likable,book,prompts_master,False,"You are estimating audience-survey ratings for a book from its plot summary. How likable is the main protagonist? Answer on a scale of 1 (very dislikable) to 5 (very likable). Return ONLY JSON {""v"": number}.","You are estimating audience-survey ratings for a book from its plot summary. How likable is the main protagonist? Answer on a scale of 1 (very dislikable) to 5 (very likable). Return ONLY JSON {""v"": number}.",False,False,False
n_narrators,book,prompts_master,False,"You are estimating audience-survey ratings for a book from its plot summary. How many distinct narrators tell the story? Answer on a scale of a single number. Return ONLY JSON {""v"": number}.","You are estimating audience-survey ratings for a book from its plot summary. How many distinct narrators tell the story? Answer on a scale of a single number. Return ONLY JSON {""v"": number}.",False,False,False
narration_switches,book,prompts_master,False,"You are estimating audience-survey ratings for a book from its plot summary. If more than one narrator, how often does narration switch? Answer on a scale of 1 (once), 2 (a few), 3 (many), 4 (constantly). Return ONLY JSON {""v"": number}.","You are estimating audience-survey ratings for a book from its plot summary. If more than one narrator, how often does narration switch? Answer on a scale of 1 (once), 2 (a few), 3 (many), 4 (constantly). Return ONLY JSON {""v"": number}.",False,False,False
narrator_omniscient,book,prompts_master,False,"You are estimating audience-survey ratings for a book from its plot summary. Does the narrator have god-like access to every character's mind and to events no single character could witness (omniscient), or is it confined to what one character knows (close/limited)? Answer 1 (close/limited), 2 (mixed), 3 (omniscient). Return ONLY JSON {""v"": number}.","You are estimating audience-survey ratings for a book from its plot summary. Does the narrator have god-like access to every character's mind and to events no single character could witness (omniscient), or is it confined to what one character knows (close/limited)? Answer 1 (close/limited), 2 (mixed), 3 (omniscient). Return ONLY JSON {""v"": number}.",False,False,False
narrator_unreliable,book,prompts_master,False,"You are estimating audience-survey ratings for a book from its plot summary. How reliable or unreliable is its narrators on average? Answer on a scale of 1 (completely reliable) to 5 (completely unreliable). Return ONLY JSON {""v"": number}.","You are estimating audience-survey ratings for a book from its plot summary. How reliable or unreliable is its narrators on average? Answer on a scale of 1 (completely reliable) to 5 (completely unreliable). Return ONLY JSON {""v"": number}.",False,False,False
plot_complexity,book,prompts_master,False,"You are estimating audience-survey ratings for a book from its plot summary. How structurally complex is the plot? Answer on a scale of 1 (one main plot), 2 (one plot with subplots), 3 (multiple main plots). Return ONLY JSON {""v"": number}.","You are estimating audience-survey ratings for a book from its plot summary. How structurally complex is the plot? Answer on a scale of 1 (one main plot), 2 (one plot with subplots), 3 (multiple main plots). Return ONLY JSON {""v"": number}.",False,False,False
pov_first_person,book,prompts_master,False,"You are estimating audience-survey ratings for a book from its plot summary. Is it narrated primarily in first person (I/we)? Answer on a scale of 1 (no) or 2 (yes). Return ONLY JSON {""v"": number}.","You are estimating audience-survey ratings for a book from its plot summary. Is it narrated primarily in first person (I/we)? Answer on a scale of 1 (no) or 2 (yes). Return ONLY JSON {""v"": number}.",False,False,False
pov_third_person,book,prompts_master,False,"You are estimating audience-survey ratings for a book from its plot summary. Is it narrated primarily in third person? Answer on a scale of 1 (no) or 2 (yes). Return ONLY JSON {""v"": number}.","You are estimating audience-survey ratings for a book from its plot summary. Is it narrated primarily in third person? Answer on a scale of 1 (no) or 2 (yes). Return ONLY JSON {""v"": number}.",False,False,False
proactive,book,prompts_master,False,"You are estimating audience-survey ratings for a book from its plot summary. How proactive rather than passive is the main protagonist? Answer on a scale of 1 (very passive) to 5 (very proactive). Return ONLY JSON {""v"": number}.","You are estimating audience-survey ratings for a book from its plot summary. How proactive rather than passive is the main protagonist? Answer on a scale of 1 (very passive) to 5 (very proactive). Return ONLY JSON {""v"": number}.",False,False,False
protag_invested,book,prompts_master,False,"You are estimating audience-survey ratings for a book from its plot summary. How emotionally invested would a viewer be in the main protagonist? Answer on a scale of 1 (not at all) to 7 (extremely). Return ONLY JSON {""v"": number}.","You are estimating audience-survey ratings for a book from its plot summary. How emotionally invested would a viewer be in the main protagonist? Answer on a scale of 1 (not at all) to 7 (extremely). Return ONLY JSON {""v"": number}.",False,False,False
protag_real,book,prompts_master,False,"You are estimating audience-survey ratings for a book from its plot summary. How real and believable does the protagonists on average feel? Answer on a scale of 1 (not at all) to 7 (extremely). Return ONLY JSON {""v"": number}.","You are estimating audience-survey ratings for a book from its plot summary. How real and believable does the protagonists on average feel? Answer on a scale of 1 (not at all) to 7 (extremely). Return ONLY JSON {""v"": number}.",False,False,False
protag_relatable,book,prompts_master,False,"You are estimating audience-survey ratings for a book from its plot summary. How relatable is the main protagonist? Answer on a scale of 1 (not at all) to 7 (extremely). Return ONLY JSON {""v"": number}.","You are estimating audience-survey ratings for a book from its plot summary. How relatable is the main protagonist? Answer on a scale of 1 (not at all) to 7 (extremely). Return ONLY JSON {""v"": number}.",False,False,False
vivid_setting,book,prompts_master,False,"You are estimating audience-survey ratings for a book from its plot summary. How vivid (sensory, vividly evoked) is its single most extreme setting on this? Answer on a scale of 1 (not at all) to 7 (extremely). Return ONLY JSON {""v"": number}.","You are estimating audience-survey ratings for a book from its plot summary. How vivid (sensory, vividly evoked) is its single most extreme setting on this? Answer on a scale of 1 (not at all) to 7 (extremely). Return ONLY JSON {""v"": number}.",False,False,False
1_how_many_protagonists_were_there_a_protagonist_is_the_person_or_enti,tv,prompts_master,False,"Based only on this tv's plot, answer: How many protagonists were there? A protagonist is the person or entity at the heart of the story - the principal character(s) around whom the movie revolves. While it’s normal for movies to have multiple important characters, there are usually only one or few protagonists. For example, the Harry Potter series has one protagonist; Romeo and Juliet has two; and Sisterhood of the Traveling Pants has four, each with their own personalities and storylines. In cases where a movie has more than 5 protagonists, it’s almost always because it’s made up of an “ensemble cast” in which all characters are protagonists with relatively equal weight in the story. This is most often true of movies made up of interconnected short stories or slice-of-life snippets. Give a number 1-6 (1=lowest, 6=highest). Return ONLY JSON {""v"": number}.","Based only on this tv's plot, answer: How many protagonists were there? A protagonist is the person or entity at the heart of the story - the principal character(s) around whom the movie revolves. While it’s normal for movies to have multiple important characters, there are usually only one or few protagonists. For example, the Harry Potter series has one protagonist; Romeo and Juliet has two; and Sisterhood of the Traveling Pants has four, each with their own personalities and storylines. In cases where a movie has more than 5 protagonists, it’s almost always because it’s made up of an “ensemble cast” in which all characters are protagonists with relatively equal weight in the story. This is most often true of movies made up of interconnected short stories or slice-of-life snippets. Give a number 1-6 (1=lowest, 6=highest). Return ONLY JSON {""v"": number}.",False,False,False
12a_on_a_scale_of_1_entirely_unresolved_to_7_entirely_resolved,tv,prompts_master,False,"Based only on this TV show's plot, answer: On a scale of 1 (entirely unresolved) to 7 (entirely resolved)? Give a number 1-7 (1=lowest, 7=highest). Return ONLY JSON {""v"": number}.","Based only on this TV show's plot, answer: On a scale of 1 (entirely unresolved) to 7 (entirely resolved)? Give a number 1-7 (1=lowest, 7=highest). Return ONLY JSON {""v"": number}.",False,False,False
8_how_engaging_did_you_find_the_dialogue_in_the_movie,tv,prompts_master,False,"Based only on this TV show's plot, answer: How engaging did you find the dialogue in the movie? Give a number 1-7 (1=lowest, 7=highest). Return ONLY JSON {""v"": number}.","Based only on this TV show's plot, answer: How engaging did you find the dialogue in the movie? Give a number 1-7 (1=lowest, 7=highest). Return ONLY JSON {""v"": number}.",False,False,False
13_how_relatable_did_you_find_this_protagonist,tv,prompts_master,False,"Rate this tv on ONE survey question from its Wikipedia plot. Question: How relatable did you find this protagonist? [1=low to 7=high]. Return ONLY JSON {""v"": number}.","Rate this tv on ONE survey question from its Wikipedia plot. Question: How relatable did you find this protagonist? [1=low to 7=high]. Return ONLY JSON {""v"": number}.",False,False,False
8b_how_competent_was_this_protagonist_by_competent_we_mean_effective_a,tv,prompts_master,False,"Consider this tv. How competent was this protagonist? By competent, we mean effective at the activities and tasks that matter to them. Respond 1 (not at all) to 5 (extremely). Return ONLY JSON {""v"": number}.","Consider this tv. How competent was this protagonist? By competent, we mean effective at the activities and tasks that matter to them. Respond 1 (not at all) to 5 (extremely). Return ONLY JSON {""v"": number}.",False,False,False
7_overall_how_relevant_was_world_building_to_the_movie_world_building,tv,prompts_master,False,"Based only on this tv's plot, answer: Overall, how relevant was world-building to the movie? World-building is defined as the process of developing a detailed and plausible fictional world. It’s most critical when the world in question is meaningfully different from our own - or even a different planet entirely. For example, world-building would be more relevant to a sci-fi story in which people travel between multiverses - not currently possible! - than a contemporary novel in which people travel to different countries. Give a number 1-5 (1=lowest, 5=highest). Return ONLY JSON {""v"": number}.","Based only on this tv's plot, answer: Overall, how relevant was world-building to the movie? World-building is defined as the process of developing a detailed and plausible fictional world. It’s most critical when the world in question is meaningfully different from our own - or even a different planet entirely. For example, world-building would be more relevant to a sci-fi story in which people travel between multiverses - not currently possible! - than a contemporary novel in which people travel to different countries. Give a number 1-5 (1=lowest, 5=highest). Return ONLY JSON {""v"": number}.",False,False,False
5_to_what_extent_did_you_feel_moved_by_this_movie_on_an_emotional_basi,tv,prompts_master,False,"Consider this tv. To what extent did you feel moved by this movie on an emotional basis? An intellectual basis? Respond 1 (not at all) to 5 (extremely). Return ONLY JSON {""v"": number}.","Consider this tv. To what extent did you feel moved by this movie on an emotional basis? An intellectual basis? Respond 1 (not at all) to 5 (extremely). Return ONLY JSON {""v"": number}.",False,False,False
mood_Sad,tv,prompts_master,False,"On a scale 0-100, how strongly does the mood 'Sad' apply to this TV show based on its plot? Return ONLY JSON {""v"": number}.","On a scale 0-100, how strongly does the mood 'Sad' apply to this TV show based on its plot? Return ONLY JSON {""v"": number}.",False,False,False
7_now_let_s_talk_pun_intended_about_dialogue_in_your_opinion_how_was_t,tv,prompts_master,False,"Based only on this tv's plot, answer: Now, let’s talk (pun intended) about dialogue! In your opinion, how was the quality of dialogue throughout the movie? Give a number 2-5 (2=lowest, 5=highest). Return ONLY JSON {""v"": number}.","Based only on this tv's plot, answer: Now, let’s talk (pun intended) about dialogue! In your opinion, how was the quality of dialogue throughout the movie? Give a number 2-5 (2=lowest, 5=highest). Return ONLY JSON {""v"": number}.",False,False,False
score_Dissonant,tv,prompts_master,False,"On a scale 0-100, how strongly does 'Dissonant' describe the musical score of this TV show based on its plot? Return ONLY JSON {""v"": number}.","On a scale 0-100, how strongly does 'Dissonant' describe the musical score of this TV show based on its plot? Return ONLY JSON {""v"": number}.",False,False,False
visual_Muted,tv,prompts_master,False,"On a scale 0-100, how strongly does 'Muted' describe the visual style of this TV show based on its plot? Return ONLY JSON {""v"": number}.","On a scale 0-100, how strongly does 'Muted' describe the visual style of this TV show based on its plot? Return ONLY JSON {""v"": number}.",False,False,False
visual_Busy,tv,prompts_master,False,"On a scale 0-100, how strongly does 'Busy' describe the visual style of this TV show based on its plot? Return ONLY JSON {""v"": number}.","On a scale 0-100, how strongly does 'Busy' describe the visual style of this TV show based on its plot? Return ONLY JSON {""v"": number}.",False,False,False
arc_competent_Beginning,tv,prompts_master,False,"Consider the single MAIN protagonist of this TV show. At the Beginning of the story, how competent (effective at what they attempt)? Answer 1-5 where 1=very incompetent, 5=very competent. Return ONLY JSON {""v"": number}.","Consider the single MAIN protagonist of this TV show. At the Beginning of the story, how competent (effective at what they attempt)? Answer 1-5 where 1=very incompetent, 5=very competent. Return ONLY JSON {""v"": number}.",False,False,False
visual_Bright,tv,prompts_master,False,"On a scale 0-100, how strongly does 'Bright' describe the visual style of this TV show based on its plot? Return ONLY JSON {""v"": number}.","On a scale 0-100, how strongly does 'Bright' describe the visual style of this TV show based on its plot? Return ONLY JSON {""v"": number}.",False,False,False
score_Ominous,tv,prompts_master,False,"On a scale 0-100, how strongly does 'Ominous' describe the musical score of this TV show based on its plot? Return ONLY JSON {""v"": number}.","On a scale 0-100, how strongly does 'Ominous' describe the musical score of this TV show based on its plot? Return ONLY JSON {""v"": number}.",False,False,False
visual_Saturated,tv,prompts_master,False,"On a scale 0-100, how strongly does 'Saturated' describe the visual style of this TV show based on its plot? Return ONLY JSON {""v"": number}.","On a scale 0-100, how strongly does 'Saturated' describe the visual style of this TV show based on its plot? Return ONLY JSON {""v"": number}.",False,False,False
visual_Dark,tv,prompts_master,False,"On a scale 0-100, how strongly does 'Dark' describe the visual style of this TV show based on its plot? Return ONLY JSON {""v"": number}.","On a scale 0-100, how strongly does 'Dark' describe the visual style of this TV show based on its plot? Return ONLY JSON {""v"": number}.",False,False,False
6_how_did_you_feel_about_the_movie,tv,prompts_master,False,"Consider this TV show. How did you feel about the movie? Respond 1 (not at all) to 7 (extremely). Return ONLY JSON {""v"": number}.","Consider this TV show. How did you feel about the movie? Respond 1 (not at all) to 7 (extremely). Return ONLY JSON {""v"": number}.",False,False,False
8_how_many_major_settings_does_the_movie_contain_here_we_re_asking_you,tv,prompts_master,False,"Based only on this tv's plot, answer: How many major settings does the movie contain? Here, we're asking you to count at a high-level and focus on major settings only. For example, in the first Harry Potter book, the major settings would be (1) the Dursley home and (2) the Hogwarts School of Witchcraft and Wizardry - which you wouldn’t need to break down further into the Gryffindor common room, Snape’s dungeon, or Hagrid’s cabin. Give a number 1-6 (1=lowest, 6=highest). Return ONLY JSON {""v"": number}.","Based only on this tv's plot, answer: How many major settings does the movie contain? Here, we're asking you to count at a high-level and focus on major settings only. For example, in the first Harry Potter book, the major settings would be (1) the Dursley home and (2) the Hogwarts School of Witchcraft and Wizardry - which you wouldn’t need to break down further into the Gryffindor common room, Snape’s dungeon, or Hagrid’s cabin. Give a number 1-6 (1=lowest, 6=highest). Return ONLY JSON {""v"": number}.",False,False,False
8a_how_likable_was_this_protagonist_by_likable_we_mean_easy_to_relate,tv,prompts_master,False,"Based only on this tv's plot, answer: How likable was this protagonist? By likable, we mean easy to relate to, empathize with, and root for. Give a number 1-5 (1=lowest, 5=highest). Return ONLY JSON {""v"": number}.","Based only on this tv's plot, answer: How likable was this protagonist? By likable, we mean easy to relate to, empathize with, and root for. Give a number 1-5 (1=lowest, 5=highest). Return ONLY JSON {""v"": number}.",False,False,False
acting_Method,tv,prompts_master,False,"On a scale 0-100, how strongly does 'Method' describe the acting of this TV show based on its plot? Return ONLY JSON {""v"": number}.","On a scale 0-100, how strongly does 'Method' describe the acting of this TV show based on its plot? Return ONLY JSON {""v"": number}.",False,False,False
acting_Manic,tv,prompts_master,False,"On a scale 0-100, how strongly does 'Manic' describe the acting of this TV show based on its plot? Return ONLY JSON {""v"": number}.","On a scale 0-100, how strongly does 'Manic' describe the acting of this TV show based on its plot? Return ONLY JSON {""v"": number}.",False,False,False
acting_Subtle,tv,prompts_master,False,"On a scale 0-100, how strongly does 'Subtle' describe the acting of this TV show based on its plot? Return ONLY JSON {""v"": number}.","On a scale 0-100, how strongly does 'Subtle' describe the acting of this TV show based on its plot? Return ONLY JSON {""v"": number}.",False,False,False
mood_Bleak,tv,prompts_master,False,"On a scale 0-100, how strongly does the mood 'Bleak' apply to this TV show based on its plot? Return ONLY JSON {""v"": number}.","On a scale 0-100, how strongly does the mood 'Bleak' apply to this TV show based on its plot? Return ONLY JSON {""v"": number}.",False,False,False
mood_Chilling,tv,prompts_master,False,"From this TV show's plot, does the mood 'Chilling' apply? Return ONLY JSON {""v"": 0 or 1}.","From this TV show's plot, does the mood 'Chilling' apply? Return ONLY JSON {""v"": 0 or 1}.",False,False,False
3_approximately_how_many_named_side_characters_are_in_this_movie_feel,tv,prompts_master,False,"Consider this TV show. Approximately how many named side characters are in this movie? (Feel free to guesstima Respond 2 (not at all) to 50 (extremely). Return ONLY JSON {""v"": number}.","Consider this TV show. Approximately how many named side characters are in this movie? (Feel free to guesstima Respond 2 (not at all) to 50 (extremely). Return ONLY JSON {""v"": number}.",False,False,False
mood_Quirky,tv,prompts_master,False,"On a scale 0-100, how strongly does the mood 'Quirky' apply to this TV show based on its plot? Return ONLY JSON {""v"": number}.","On a scale 0-100, how strongly does the mood 'Quirky' apply to this TV show based on its plot? Return ONLY JSON {""v"": number}.",False,False,False
7_on_the_whole_how_would_you_describe_the_pace_of_the_movie_pace_is_th,tv,prompts_master,False,"Consider this TV show. On the whole, how would you describe the pace of the movie? Pace is the speed at which Respond 1 (not at all) to 5 (extremely). Return ONLY JSON {""v"": number}.","Consider this tv. On the whole, how would you describe the pace of the movie? Pace is the speed at which the story develops - how quickly or slowly it moves (and is perceived to be moving by the reader). It’s controlled through elements like the length of scenes, the depth of description, and the rate of action. Respond 1 (not at all) to 5 (extremely). Return ONLY JSON {""v"": number}.",False,False,False
11_how_real_did_this_protagonist_feel_to_you,tv,prompts_master,False,"Rate this tv on ONE survey question from its Wikipedia plot. Question: How real did this protagonist feel to you? [1=low to 7=high]. Return ONLY JSON {""v"": number}.","Rate this tv on ONE survey question from its Wikipedia plot. Question: How real did this protagonist feel to you? [1=low to 7=high]. Return ONLY JSON {""v"": number}.",False,False,False
arc_competent_Middle,tv,prompts_master,False,"Consider the single MAIN protagonist of this TV show. At the Middle of the story, how competent (effective at what they attempt)? Answer 1-5 where 1=very incompetent, 5=very competent. Return ONLY JSON {""v"": number}.","Consider the single MAIN protagonist of this TV show. At the Middle of the story, how competent (effective at what they attempt)? Answer 1-5 where 1=very incompetent, 5=very competent. Return ONLY JSON {""v"": number}.",False,False,False
visual_Handheld,tv,prompts_master,False,"On a scale 0-100, how strongly does 'Handheld' describe the visual style of this TV show based on its plot? Return ONLY JSON {""v"": number}.","On a scale 0-100, how strongly does 'Handheld' describe the visual style of this TV show based on its plot? Return ONLY JSON {""v"": number}.",False,False,False
mood_Optimistic,tv,prompts_master,False,"On a scale 0-100, how strongly does the mood 'Optimistic' apply to this TV show based on its plot? Return ONLY JSON {""v"": number}.","On a scale 0-100, how strongly does the mood 'Optimistic' apply to this TV show based on its plot? Return ONLY JSON {""v"": number}.",False,False,False
9_how_realistic_did_you_find_the_dialogue_in_the_movie,tv,prompts_master,False,"Based only on this TV show's plot, answer: How realistic did you find the dialogue in the movie? Give a number 1-7 (1=lowest, 7=highest). Return ONLY JSON {""v"": number}.","Based only on this TV show's plot, answer: How realistic did you find the dialogue in the movie? Give a number 1-7 (1=lowest, 7=highest). Return ONLY JSON {""v"": number}.",False,False,False
mood_Mysterious,tv,prompts_master,False,"On a scale 0-100, how strongly does the mood 'Mysterious' apply to this TV show based on its plot? Return ONLY JSON {""v"": number}.","On a scale 0-100, how strongly does the mood 'Mysterious' apply to this TV show based on its plot? Return ONLY JSON {""v"": number}.",False,False,False
mood_Dark,tv,prompts_master,False,"On a scale 0-100, how strongly does the mood 'Dark' apply to this TV show based on its plot? Return ONLY JSON {""v"": number}.","On a scale 0-100, how strongly does the mood 'Dark' apply to this TV show based on its plot? Return ONLY JSON {""v"": number}.",False,False,False
mood_Funny,tv,prompts_master,False,"On a scale 0-100, how strongly does the mood 'Funny' apply to this TV show based on its plot? Return ONLY JSON {""v"": number}.","On a scale 0-100, how strongly does the mood 'Funny' apply to this TV show based on its plot? Return ONLY JSON {""v"": number}.",False,False,False
4_how_familiar_was_the_world_of_the_movie_by_familiar_we_mean_a_settin,tv,prompts_master,False,"Consider this TV show. How familiar was the world of the movie? By familiar we mean a setting that you know we Respond 1 (not at all) to 7 (extremely). Return ONLY JSON {""v"": number}.","Consider this tv. How familiar was the world of the movie? By familiar we mean a setting that you know well, either from your own lived experiences or from other movies, books, or media. Respond 1 (not at all) to 7 (extremely). Return ONLY JSON {""v"": number}.",False,False,False
14_how_important_was_the_score_to_your_experience_of_the_movie,tv,prompts_master,False,"Consider this TV show. How important was the score to your experience of the movie? Respond 1 (not at all) to 7 (extremely). Return ONLY JSON {""v"": number}.","Consider this TV show. How important was the score to your experience of the movie? Respond 1 (not at all) to 7 (extremely). Return ONLY JSON {""v"": number}.",False,False,False
12c_on_a_scale_of_1_very_confusing_to_7_very_easy_to_understand,tv,prompts_master,False,"Consider this TV show. On a scale of 1 (very confusing) to 7 (very easy-to-understand)? Respond 1 (not at all) to 7 (extremely). Return ONLY JSON {""v"": number}.","Consider this TV show. On a scale of 1 (very confusing) to 7 (very easy-to-understand)? Respond 1 (not at all) to 7 (extremely). Return ONLY JSON {""v"": number}.",False,False,False
mood_Heartwarming,tv,prompts_master,False,"On a scale 0-100, how strongly does the mood 'Heartwarming' apply to this TV show based on its plot? Return ONLY JSON {""v"": number}.","On a scale 0-100, how strongly does the mood 'Heartwarming' apply to this TV show based on its plot? Return ONLY JSON {""v"": number}.",False,False,False
score_Intimate,tv,prompts_master,False,"On a scale 0-100, how strongly does 'Intimate' describe the musical score of this TV show based on its plot? Return ONLY JSON {""v"": number}.","On a scale 0-100, how strongly does 'Intimate' describe the musical score of this TV show based on its plot? Return ONLY JSON {""v"": number}.",False,False,False
acting_Intense,tv,prompts_master,False,"On a scale 0-100, how strongly does 'Intense' describe the acting of this TV show based on its plot? Return ONLY JSON {""v"": number}.","On a scale 0-100, how strongly does 'Intense' describe the acting of this TV show based on its plot? Return ONLY JSON {""v"": number}.",False,False,False
acting_Physical,tv,prompts_master,False,"On a scale 0-100, how strongly does 'Physical' describe the acting of this TV show based on its plot? Return ONLY JSON {""v"": number}.","On a scale 0-100, how strongly does 'Physical' describe the acting of this TV show based on its plot? Return ONLY JSON {""v"": number}.",False,False,False
score_Orchestral,tv,prompts_master,False,"On a scale 0-100, how strongly does 'Orchestral' describe the musical score of this TV show based on its plot? Return ONLY JSON {""v"": number}.","On a scale 0-100, how strongly does 'Orchestral' describe the musical score of this TV show based on its plot? Return ONLY JSON {""v"": number}.",False,False,False
score_Grand,tv,prompts_master,False,"On a scale 0-100, how strongly does 'Grand' describe the musical score of this TV show based on its plot? Return ONLY JSON {""v"": number}.","On a scale 0-100, how strongly does 'Grand' describe the musical score of this TV show based on its plot? Return ONLY JSON {""v"": number}.",False,True,False
score_Electronic,tv,prompts_master,False,"On a scale 0-100, how strongly does 'Electronic' describe the musical score of this TV show based on its plot? Return ONLY JSON {""v"": number}.","On a scale 0-100, how strongly does 'Electronic' describe the musical score of this TV show based on its plot? Return ONLY JSON {""v"": number}.",False,False,False
mood_Hopeful,tv,prompts_master,False,"On a scale 0-100, how strongly does the mood 'Hopeful' apply to this TV show based on its plot? Return ONLY JSON {""v"": number}.","On a scale 0-100, how strongly does the mood 'Hopeful' apply to this TV show based on its plot? Return ONLY JSON {""v"": number}.",False,False,False
mood_Energetic,tv,prompts_master,False,"On a scale 0-100, how strongly does the mood 'Energetic' apply to this TV show based on its plot? Return ONLY JSON {""v"": number}.","On a scale 0-100, how strongly does the mood 'Energetic' apply to this TV show based on its plot? Return ONLY JSON {""v"": number}.",False,False,False
acting_Improvisational,tv,prompts_master,False,"On a scale 0-100, how strongly does 'Improvisational' describe the acting of this TV show based on its plot? Return ONLY JSON {""v"": number}.","On a scale 0-100, how strongly does 'Improvisational' describe the acting of this TV show based on its plot? Return ONLY JSON {""v"": number}.",False,False,False
acting_Theatrical,tv,prompts_master,False,"On a scale 0-100, how strongly does 'Theatrical' describe the acting of this TV show based on its plot? Return ONLY JSON {""v"": number}.","On a scale 0-100, how strongly does 'Theatrical' describe the acting of this TV show based on its plot? Return ONLY JSON {""v"": number}.",False,False,False
acting_Natural,tv,prompts_master,False,"On a scale 0-100, how strongly does 'Natural' describe the acting of this TV show based on its plot? Return ONLY JSON {""v"": number}.","On a scale 0-100, how strongly does 'Natural' describe the acting of this TV show based on its plot? Return ONLY JSON {""v"": number}.",False,False,False
4_after_having_watched_the_movie_how_glad_are_you_to_have_devoted_time,tv,prompts_master,False,"Consider this TV show. After having watched the movie, how glad are you to have devoted time and energy to it? Respond 1 (not at all) to 5 (extremely). Return ONLY JSON {""v"": number}.","Consider this TV show. After having watched the movie, how glad are you to have devoted time and energy to it? Respond 1 (not at all) to 5 (extremely). Return ONLY JSON {""v"": number}.",False,False,False
score_Rock_n__Roll,tv,prompts_master,False,"On a scale 0-100, how strongly does 'Rock n' Roll' describe the musical score of this TV show based on its plot? Return ONLY JSON {""v"": number}.","On a scale 0-100, how strongly does 'Rock n' Roll' describe the musical score of this TV show based on its plot? Return ONLY JSON {""v"": number}.",False,True,False
13_how_much_did_you_like_the_score,tv,prompts_master,False,"Consider this TV show. How much did you like the score? Respond 2 (not at all) to 7 (extremely). Return ONLY JSON {""v"": number}.","Consider this TV show. How much did you like the score? Respond 2 (not at all) to 7 (extremely). Return ONLY JSON {""v"": number}.",False,False,False
18_how_compelling_did_you_find_the_plot_by_compelling_we_mean_interest,tv,prompts_master,False,"Based only on this TV show's plot, answer: How compelling did you find the plot? By compelling we mean interesting and absorbing. Give a number 2-7 (2=lowest, 7=highest). Return ONLY JSON {""v"": number}.","Based only on this TV show's plot, answer: How compelling did you find the plot? By compelling we mean interesting and absorbing. Give a number 2-7 (2=lowest, 7=highest). Return ONLY JSON {""v"": number}.",False,False,False
12_how_emotionally_invested_were_you_in_this_protagonist,tv,prompts_master,False,"Consider this TV show. How emotionally invested were you in this protagonist? Respond 1 (not at all) to 7 (extremely). Return ONLY JSON {""v"": number}.","Consider this TV show. How emotionally invested were you in this protagonist? Respond 1 (not at all) to 7 (extremely). Return ONLY JSON {""v"": number}.",False,False,False
2_how_interesting_do_you_personally_find_the_movie_s_themes,tv,prompts_master,False,"Based only on this TV show's plot, answer: How interesting do you personally find the movie's themes? Give a number 1-5 (1=lowest, 5=highest). Return ONLY JSON {""v"": number}.","Based only on this TV show's plot, answer: How interesting do you personally find the movie's themes? Give a number 1-5 (1=lowest, 5=highest). Return ONLY JSON {""v"": number}.",False,False,False
mood_Epic,tv,prompts_master,False,"On a scale 0-100, how strongly does the mood 'Epic' apply to this TV show based on its plot? Return ONLY JSON {""v"": number}.","On a scale 0-100, how strongly does the mood 'Epic' apply to this TV show based on its plot? Return ONLY JSON {""v"": number}.",False,False,False
mood_Eerie,tv,prompts_master,False,"On a scale 0-100, how strongly does the mood 'Eerie' apply to this TV show based on its plot? Return ONLY JSON {""v"": number}.","On a scale 0-100, how strongly does the mood 'Eerie' apply to this TV show based on its plot? Return ONLY JSON {""v"": number}.",False,False,False
mood_Challenging,tv,prompts_master,False,"On a scale 0-100, how strongly does the mood 'Challenging' apply to this TV show based on its plot? Return ONLY JSON {""v"": number}.","On a scale 0-100, how strongly does the mood 'Challenging' apply to this TV show based on its plot? Return ONLY JSON {""v"": number}.",False,False,False
arc_competent_End,tv,prompts_master,False,"Consider the single MAIN protagonist of this TV show. At the End of the story, how competent (effective at what they attempt)? Answer 1-5 where 1=very incompetent, 5=very competent. Return ONLY JSON {""v"": number}.","Consider the single MAIN protagonist of this TV show. At the End of the story, how competent (effective at what they attempt)? Answer 1-5 where 1=very incompetent, 5=very competent. Return ONLY JSON {""v"": number}.",False,False,False
arc_proactive_Beginning,tv,prompts_master,False,"Consider the single MAIN protagonist of this TV show. At the Beginning of the story, how proactive (motivated, taking action vs passive)? Answer 1-5 where 1=very passive, 5=very proactive. Return ONLY JSON {""v"": number}.","Consider the single MAIN protagonist of this TV show. At the Beginning of the story, how proactive (motivated, taking action vs passive)? Answer 1-5 where 1=very passive, 5=very proactive. Return ONLY JSON {""v"": number}.",False,False,False
mood_Whimsical,tv,prompts_master,False,"On a scale 0-100, how strongly does the mood 'Whimsical' apply to this TV show based on its plot? Return ONLY JSON {""v"": number}.","On a scale 0-100, how strongly does the mood 'Whimsical' apply to this TV show based on its plot? Return ONLY JSON {""v"": number}.",False,False,False
1_in_your_opinion_how_important_was_the_setting_and_world_building_to,tv,prompts_master,False,"Based only on this TV show's plot, answer: In your opinion, how important was the setting and world-building to your experience of Give a number 1-5 (1=lowest, 5=highest). Return ONLY JSON {""v"": number}.","Based only on this tv's plot, answer: In your opinion, how important was the setting and world-building to your experience of the movie as a whole, relative to other elements like character, plot and pace, theme, mood, and writing style? Give a number 1-5 (1=lowest, 5=highest). Return ONLY JSON {""v"": number}.",False,False,False
mood_Lighthearted,tv,prompts_master,False,"On a scale 0-100, how strongly does the mood 'Lighthearted' apply to this TV show based on its plot? Return ONLY JSON {""v"": number}.","On a scale 0-100, how strongly does the mood 'Lighthearted' apply to this TV show based on its plot? Return ONLY JSON {""v"": number}.",False,False,False
score_Melodic,tv,prompts_master,False,"On a scale 0-100, how strongly does 'Melodic' describe the musical score of this TV show based on its plot? Return ONLY JSON {""v"": number}.","On a scale 0-100, how strongly does 'Melodic' describe the musical score of this TV show based on its plot? Return ONLY JSON {""v"": number}.",False,False,False
3_how_evocative_did_you_find_the_visual_style_by_evocative_we_mean_aff,tv,prompts_master,False,"Based only on this tv's plot, answer: How evocative did you find the visual style? By evocative we mean affecting and memorable. Give a number 1-7 (1=lowest, 7=highest). Return ONLY JSON {""v"": number}.","Based only on this tv's plot, answer: How evocative did you find the visual style? By evocative we mean affecting and memorable. Give a number 1-7 (1=lowest, 7=highest). Return ONLY JSON {""v"": number}.",False,False,False
score_Jazz,tv,prompts_master,False,"On a scale 0-100, how strongly does 'Jazz' describe the musical score of this TV show based on its plot? Return ONLY JSON {""v"": number}.","On a scale 0-100, how strongly does 'Jazz' describe the musical score of this TV show based on its plot? Return ONLY JSON {""v"": number}.",False,False,False
acting_Raw,tv,prompts_master,False,"On a scale 0-100, how strongly does 'Raw' describe the acting of this TV show based on its plot? Return ONLY JSON {""v"": number}.","On a scale 0-100, how strongly does 'Raw' describe the acting of this TV show based on its plot? Return ONLY JSON {""v"": number}.",False,False,False
arc_likable_Beginning,tv,prompts_master,False,"Consider the single MAIN protagonist of this TV show. At the Beginning of the story, how likable (easy to relate to, empathize with, root for)? Answer 1-5 where 1=very dislikable, 5=very likable. Return ONLY JSON {""v"": number}.","Consider the single MAIN protagonist of this TV show. At the Beginning of the story, how likable (easy to relate to, empathize with, root for)? Answer 1-5 where 1=very dislikable, 5=very likable. Return ONLY JSON {""v"": number}.",False,False,False
mood_Gritty,tv,prompts_master,False,"On a scale 0-100, how strongly does the mood 'Gritty' apply to this TV show based on its plot? Return ONLY JSON {""v"": number}.","On a scale 0-100, how strongly does the mood 'Gritty' apply to this TV show based on its plot? Return ONLY JSON {""v"": number}.",False,False,False
visual_Dreamy,tv,prompts_master,False,"On a scale 0-100, how strongly does 'Dreamy' describe the visual style of this TV show based on its plot? Return ONLY JSON {""v"": number}.","On a scale 0-100, how strongly does 'Dreamy' describe the visual style of this TV show based on its plot? Return ONLY JSON {""v"": number}.",False,False,False
19_how_convincing_did_you_find_the_plot_by_convincing_we_mean_believab,tv,prompts_master,False,"Rate this tv on ONE survey question from its Wikipedia plot. Question: How convincing did you find the plot? By convincing we mean believable. [1=low to 7=high]. Return ONLY JSON {""v"": number}.","Rate this tv on ONE survey question from its Wikipedia plot. Question: How convincing did you find the plot? By convincing we mean believable. [1=low to 7=high]. Return ONLY JSON {""v"": number}.",False,False,False
visual_Gritty,tv,prompts_master,False,"On a scale 0-100, how strongly does 'Gritty' describe the visual style of this TV show based on its plot? Return ONLY JSON {""v"": number}.","On a scale 0-100, how strongly does 'Gritty' describe the visual style of this TV show based on its plot? Return ONLY JSON {""v"": number}.",False,False,False
mood_Surreal,tv,prompts_master,False,"On a scale 0-100, how strongly does the mood 'Surreal' apply to this TV show based on its plot? Return ONLY JSON {""v"": number}.","On a scale 0-100, how strongly does the mood 'Surreal' apply to this TV show based on its plot? Return ONLY JSON {""v"": number}.",False,False,False
mood_Romantic,tv,prompts_master,False,"On a scale 0-100, how strongly does the mood 'Romantic' apply to this TV show based on its plot? Return ONLY JSON {""v"": number}.","On a scale 0-100, how strongly does the mood 'Romantic' apply to this TV show based on its plot? Return ONLY JSON {""v"": number}.",False,False,False
12_how_well_matched_did_the_score_feel_to_the_action,tv,prompts_master,False,"Rate this TV show on ONE survey question from its Wikipedia plot and reception. Question: How well-matched did the score feel to the action? [2=low to 7=high]. Return ONLY JSON {""v"": number}.","Rate this tv on ONE survey question from its Wikipedia plot. Question: How well-matched did the score feel to the action? [2=low to 7=high]. Return ONLY JSON {""v"": number}.",False,False,False
acting_Campy,tv,prompts_master,False,"On a scale 0-100, how strongly does 'Campy' describe the acting of this TV show based on its plot? Return ONLY JSON {""v"": number}.","On a scale 0-100, how strongly does 'Campy' describe the acting of this TV show based on its plot? Return ONLY JSON {""v"": number}.",False,False,False
mood_Inspirational,tv,prompts_master,False,"On a scale 0-100, how strongly does the mood 'Inspirational' apply to this TV show based on its plot? Return ONLY JSON {""v"": number}.","On a scale 0-100, how strongly does the mood 'Inspirational' apply to this TV show based on its plot? Return ONLY JSON {""v"": number}.",False,False,False
mood_Tense,tv,prompts_master,False,"On a scale 0-100, how strongly does the mood 'Tense' apply to this TV show based on its plot? Return ONLY JSON {""v"": number}.","On a scale 0-100, how strongly does the mood 'Tense' apply to this TV show based on its plot? Return ONLY JSON {""v"": number}.",False,False,False
15_in_your_opinion_how_would_you_rate_the_quality_of_the_character_wri,tv,prompts_master,False,"Consider this TV show. In your opinion, how would you rate the quality of the character writing in this movie Respond 1 (not at all) to 7 (extremely). Return ONLY JSON {""v"": number}.","Consider this tv. In your opinion, how would you rate the quality of the character writing in this movie, on a scale of 1-7? Respond 1 (not at all) to 7 (extremely). Return ONLY JSON {""v"": number}.",False,False,False
8c_how_proactive_was_this_protagonist_by_proactive_we_mean_motivated_a,tv,prompts_master,False,"Consider this tv. How proactive was this protagonist? By proactive, we mean motivated and taking steps to reach their goals. Respond 1 (not at all) to 5 (extremely). Return ONLY JSON {""v"": number}.","Consider this tv. How proactive was this protagonist? By proactive, we mean motivated and taking steps to reach their goals. Respond 1 (not at all) to 5 (extremely). Return ONLY JSON {""v"": number}.",False,False,False
1_in_your_opinion_how_important_were_the_characters_to_your_experience,tv,prompts_master,False,"Consider this TV show. In your opinion, how important were the characters to your experience of the movie as a Respond 1 (not at all) to 5 (extremely). Return ONLY JSON {""v"": number}.","Consider this tv. In your opinion, how important were the characters to your experience of the movie as a whole, relative to other elements like setting and world-building, plot, pace, theme, tone or mood, and writing style? Respond 1 (not at all) to 5 (extremely). Return ONLY JSON {""v"": number}.",False,False,False
mood_Raw,tv,prompts_master,False,"On a scale 0-100, how strongly does the mood 'Raw' apply to this TV show based on its plot? Return ONLY JSON {""v"": number}.","On a scale 0-100, how strongly does the mood 'Raw' apply to this TV show based on its plot? Return ONLY JSON {""v"": number}.",False,False,False
5_how_important_was_the_visual_style_to_your_experience_of_the_movie_a,tv,prompts_master,False,"Rate this TV show on ONE survey question from its Wikipedia plot and reception. Question: How important was the visual style to your experience of the movie as a whole? [1=low to 7=high]. Return ONLY JSON {""v"": number}.","Rate this tv on ONE survey question from its Wikipedia plot. Question: How important was the visual style to your experience of the movie as a whole? [1=low to 7=high]. Return ONLY JSON {""v"": number}.",False,False,False
2_how_consistent_did_you_find_the_visual_style_by_consistent_we_mean_t,tv,prompts_master,False,"Based only on this tv's plot, answer: How consistent did you find the visual style? By consistent we mean that it was generally the same throughout the whole film. Give a number 1-7 (1=lowest, 7=highest). Return ONLY JSON {""v"": number}.","Based only on this tv's plot, answer: How consistent did you find the visual style? By consistent we mean that it was generally the same throughout the whole film. Give a number 1-7 (1=lowest, 7=highest). Return ONLY JSON {""v"": number}.",False,False,False
mood_Adventurous,tv,prompts_master,False,"On a scale 0-100, how strongly does the mood 'Adventurous' apply to this TV show based on its plot? Return ONLY JSON {""v"": number}.","On a scale 0-100, how strongly does the mood 'Adventurous' apply to this TV show based on its plot? Return ONLY JSON {""v"": number}.",False,False,False
mood_Reflective,tv,prompts_master,False,"From this TV show's plot, does the mood 'Reflective' apply? Return ONLY JSON {""v"": 0 or 1}.","From this TV show's plot, does the mood 'Reflective' apply? Return ONLY JSON {""v"": 0 or 1}.",False,False,False
acting_Deadpan,tv,prompts_master,False,"On a scale 0-100, how strongly does 'Deadpan' describe the acting of this TV show based on its plot? Return ONLY JSON {""v"": number}.","On a scale 0-100, how strongly does 'Deadpan' describe the acting of this TV show based on its plot? Return ONLY JSON {""v"": number}.",False,True,False
6_how_science_fictional_was_the_world_of_the_movie_by_science_fictiona,tv,prompts_master,False,"Consider this tv. How science-fictional was the world of the movie? By science-fictional we mean a world of alternative ways of life made possible by technological advancements, typically set in the future, as in Neuromancer. Respond 1 (not at all) to 7 (extremely). Return ONLY JSON {""v"": number}.","Consider this tv. How science-fictional was the world of the movie? By science-fictional we mean a world of alternative ways of life made possible by technological advancements, typically set in the future, as in Neuromancer. Respond 1 (not at all) to 7 (extremely). Return ONLY JSON {""v"": number}.",False,False,False
mood_Melancholic,tv,prompts_master,False,"On a scale 0-100, how strongly does the mood 'Melancholic' apply to this TV show based on its plot? Return ONLY JSON {""v"": number}.","On a scale 0-100, how strongly does the mood 'Melancholic' apply to this TV show based on its plot? Return ONLY JSON {""v"": number}.",False,False,False
12d_on_a_scale_of_1_very_unsatisfying_to_7_very_satisfying,tv,prompts_master,False,"Based only on this TV show's plot, answer: On a scale of 1 (very unsatisfying) to 7 (very satisfying)? Give a number 1-7 (1=lowest, 7=highest). Return ONLY JSON {""v"": number}.","Based only on this TV show's plot, answer: On a scale of 1 (very unsatisfying) to 7 (very satisfying)? Give a number 1-7 (1=lowest, 7=highest). Return ONLY JSON {""v"": number}.",False,False,False
12b_on_a_scale_of_1_very_unsurprising_predictable_to_7_very_surprising,tv,prompts_master,False,"Consider this TV show. On a scale of 1 (very unsurprising / predictable) to 7 (very surprising)? Respond 1 (not at all) to 7 (extremely). Return ONLY JSON {""v"": number}.","Consider this TV show. On a scale of 1 (very unsurprising / predictable) to 7 (very surprising)? Respond 1 (not at all) to 7 (extremely). Return ONLY JSON {""v"": number}.",False,False,False
visual_Sharp,tv,prompts_master,False,"On a scale 0-100, how strongly does 'Sharp' describe the visual style of this TV show based on its plot? Return ONLY JSON {""v"": number}.","On a scale 0-100, how strongly does 'Sharp' describe the visual style of this TV show based on its plot? Return ONLY JSON {""v"": number}.",False,False,False
arc_likable_Middle,tv,prompts_master,False,"Consider the single MAIN protagonist of this TV show. At the Middle of the story, how likable (easy to relate to, empathize with, root for)? Answer 1-5 where 1=very dislikable, 5=very likable. Return ONLY JSON {""v"": number}.","Consider the single MAIN protagonist of this TV show. At the Middle of the story, how likable (easy to relate to, empathize with, root for)? Answer 1-5 where 1=very dislikable, 5=very likable. Return ONLY JSON {""v"": number}.",False,False,False
visual_Natural,tv,prompts_master,False,"On a scale 0-100, how strongly does 'Natural' describe the visual style of this TV show based on its plot? Return ONLY JSON {""v"": number}.","On a scale 0-100, how strongly does 'Natural' describe the visual style of this TV show based on its plot? Return ONLY JSON {""v"": number}.",False,False,False
4_how_important_would_you_say_the_side_characters_are_in_this_movie,tv,prompts_master,False,"Based only on this TV show's plot, answer: How important would you say the side characters are in this movie? Give a number 1-5 (1=lowest, 5=highest). Return ONLY JSON {""v"": number}.","Based only on this TV show's plot, answer: How important would you say the side characters are in this movie? Give a number 1-5 (1=lowest, 5=highest). Return ONLY JSON {""v"": number}.",False,False,False
visual_Fast_cut,tv,prompts_master,False,"On a scale 0-100, how strongly does 'Fast-cut' describe the visual style of this TV show based on its plot? Return ONLY JSON {""v"": number}.","On a scale 0-100, how strongly does 'Fast-cut' describe the visual style of this TV show based on its plot? Return ONLY JSON {""v"": number}.",False,False,False
5_in_your_opinion_how_would_you_rate_the_quality_of_the_character_writ,tv,prompts_master,False,"Based only on this tv's plot, answer: In your opinion, how would you rate the quality of the setting and world-building in this movie, on a scale of 1-7? Give a number 1-7 (1=lowest, 7=highest). Return ONLY JSON {""v"": number}.","Based only on this tv's plot, answer: In your opinion, how would you rate the quality of the setting and world-building in this movie, on a scale of 1-7? Give a number 1-7 (1=lowest, 7=highest). Return ONLY JSON {""v"": number}.",False,False,False
arc_proactive_Middle,tv,prompts_master,False,"Consider the single MAIN protagonist of this TV show. At the Middle of the story, how proactive (motivated, taking action vs passive)? Answer 1-5 where 1=very passive, 5=very proactive. Return ONLY JSON {""v"": number}.","Consider the single MAIN protagonist of this TV show. At the Middle of the story, how proactive (motivated, taking action vs passive)? Answer 1-5 where 1=very passive, 5=very proactive. Return ONLY JSON {""v"": number}.",False,False,False
5_how_fantastical_was_the_world_of_the_movies_by_fantastical_we_mean_a,tv,prompts_master,False,"Based only on this tv's plot, answer: How fantastical was the world of the movies? By fantastical we mean a world that would be characterized as “fantasy,” typically one where magic is real, as in Lord of the Rings. Give a number 1-7 (1=lowest, 7=highest). Return ONLY JSON {""v"": number}.","Based only on this tv's plot, answer: How fantastical was the world of the movies? By fantastical we mean a world that would be characterized as “fantasy,” typically one where magic is real, as in Lord of the Rings. Give a number 1-7 (1=lowest, 7=highest). Return ONLY JSON {""v"": number}.",False,False,False
mood_Chaotic,tv,prompts_master,False,"On a scale 0-100, how strongly does the mood 'Chaotic' apply to this TV show based on its plot? Return ONLY JSON {""v"": number}.","On a scale 0-100, how strongly does the mood 'Chaotic' apply to this TV show based on its plot? Return ONLY JSON {""v"": number}.",False,False,False
score_Choral,tv,prompts_master,False,"On a scale 0-100, how strongly does 'Choral' describe the musical score of this TV show based on its plot? Return ONLY JSON {""v"": number}.","On a scale 0-100, how strongly does 'Choral' describe the musical score of this TV show based on its plot? Return ONLY JSON {""v"": number}.",False,False,False
mood_Cozy,tv,prompts_master,False,"On a scale 0-100, how strongly does the mood 'Cozy' apply to this TV show based on its plot? Return ONLY JSON {""v"": number}.","On a scale 0-100, how strongly does the mood 'Cozy' apply to this TV show based on its plot? Return ONLY JSON {""v"": number}.",False,False,False
mood_Wistful,tv,prompts_master,False,"On a scale 0-100, how strongly does the mood 'Wistful' apply to this TV show based on its plot? Return ONLY JSON {""v"": number}.","On a scale 0-100, how strongly does the mood 'Wistful' apply to this TV show based on its plot? Return ONLY JSON {""v"": number}.",False,False,False
visual_Slow,tv,prompts_master,False,"On a scale 0-100, how strongly does 'Slow' describe the visual style of this TV show based on its plot? Return ONLY JSON {""v"": number}.","On a scale 0-100, how strongly does 'Slow' describe the visual style of this TV show based on its plot? Return ONLY JSON {""v"": number}.",False,False,False
mood_Bittersweet,tv,prompts_master,False,"On a scale 0-100, how strongly does the mood 'Bittersweet' apply to this TV show based on its plot? Return ONLY JSON {""v"": number}.","On a scale 0-100, how strongly does the mood 'Bittersweet' apply to this TV show based on its plot? Return ONLY JSON {""v"": number}.",False,False,False
score_Emotional,tv,prompts_master,False,"On a scale 0-100, how strongly does 'Emotional' describe the musical score of this TV show based on its plot? Return ONLY JSON {""v"": number}.","On a scale 0-100, how strongly does 'Emotional' describe the musical score of this TV show based on its plot? Return ONLY JSON {""v"": number}.",False,False,False
5_if_you_checked_any_of_the_above_how_relevant_are_these_aspect_s_of_t,tv,prompts_master,False,"Based only on this tv's plot, answer: If you checked any of the above, how relevant are these aspect(s) of their identity to their experience in the movie? For example, in Wonder by R. J. Palacio, the protagonist Auggie has a severe facial deformity, which is extremely relevant to his experience of going to public school for the first time. In Fourth Wing by Rebecca Yarros, the protagonist Violet has a disability that impacts her strength and mobility, but it’s not as central. Give a number 1-5 (1=lowest, 5=highest). Return ONLY JSON {""v"": number}.","Based only on this tv's plot, answer: If you checked any of the above, how relevant are these aspect(s) of their identity to their experience in the movie? For example, in Wonder by R. J. Palacio, the protagonist Auggie has a severe facial deformity, which is extremely relevant to his experience of going to public school for the first time. In Fourth Wing by Rebecca Yarros, the protagonist Violet has a disability that impacts her strength and mobility, but it’s not as central. Give a number 1-5 (1=lowest, 5=highest). Return ONLY JSON {""v"": number}.",False,False,False
identity_relevance,tv,prompts_master,False,"You are estimating audience-survey ratings for a TV show from its plot. For the main protagonist, predict how RELEVANT their marginalized-group identity (race, gender, class, etc.) is to their experience in the story: 1=not at all relevant, 5=extremely relevant. If the protagonist has no salient marginalized identity, answer 1. Return ONLY JSON {""v"": number}.","You are estimating audience-survey ratings for a TV show from its plot. For the main protagonist, predict how RELEVANT their marginalized-group identity (race, gender, class, etc.) is to their experience in the story: 1=not at all relevant, 5=extremely relevant. If the protagonist has no salient marginalized identity, answer 1. Return ONLY JSON {""v"": number}.",False,False,False
visual_Clean,tv,prompts_master,False,"On a scale 0-100, how strongly does 'Clean' describe the visual style of this TV show based on its plot? Return ONLY JSON {""v"": number}.","On a scale 0-100, how strongly does 'Clean' describe the visual style of this TV show based on its plot? Return ONLY JSON {""v"": number}.",False,False,False
4_how_interesting_did_you_find_the_visual_style_by_interesting_we_mean,tv,prompts_master,False,"Based only on this tv's plot, answer: How interesting did you find the visual style? By interesting we mean noteworthy, attention-grabbing, and creative. Give a number 1-7 (1=lowest, 7=highest). Return ONLY JSON {""v"": number}.","Based only on this tv's plot, answer: How interesting did you find the visual style? By interesting we mean noteworthy, attention-grabbing, and creative. Give a number 1-7 (1=lowest, 7=highest). Return ONLY JSON {""v"": number}.",False,False,False
mood_Tragic,tv,prompts_master,False,"On a scale 0-100, how strongly does the mood 'Tragic' apply to this TV show based on its plot? Return ONLY JSON {""v"": number}.","On a scale 0-100, how strongly does the mood 'Tragic' apply to this TV show based on its plot? Return ONLY JSON {""v"": number}.",False,False,False
visual_Stylized,tv,prompts_master,False,"On a scale 0-100, how strongly does 'Stylized' describe the visual style of this TV show based on its plot? Return ONLY JSON {""v"": number}.","On a scale 0-100, how strongly does 'Stylized' describe the visual style of this TV show based on its plot? Return ONLY JSON {""v"": number}.",False,False,False
acting_Brooding,tv,prompts_master,False,"On a scale 0-100, how strongly does 'Brooding' describe the acting of this TV show based on its plot? Return ONLY JSON {""v"": number}.","On a scale 0-100, how strongly does 'Brooding' describe the acting of this TV show based on its plot? Return ONLY JSON {""v"": number}.",False,False,False
10_how_important_was_the_dialogue_to_your_experience_of_the_movie_as_a,tv,prompts_master,False,"Consider this TV show. How important was the dialogue to your experience of the movie as a whole? Respond 1 (not at all) to 5 (extremely). Return ONLY JSON {""v"": number}.","Consider this TV show. How important was the dialogue to your experience of the movie as a whole? Respond 1 (not at all) to 5 (extremely). Return ONLY JSON {""v"": number}.",False,False,False
arc_proactive_End,tv,prompts_master,False,"Consider the single MAIN protagonist of this TV show. At the End of the story, how proactive (motivated, taking action vs passive)? Answer 1-5 where 1=very passive, 5=very proactive. Return ONLY JSON {""v"": number}.","Consider the single MAIN protagonist of this TV show. At the End of the story, how proactive (motivated, taking action vs passive)? Answer 1-5 where 1=very passive, 5=very proactive. Return ONLY JSON {""v"": number}.",False,False,False
3_while_you_were_in_the_process_of_watching_the_movie_how_enjoyable_di,tv,prompts_master,False,"Consider this TV show. While you were in the process of watching the movie, how enjoyable did you find it? In Respond 1 (not at all) to 5 (extremely). Return ONLY JSON {""v"": number}.","Consider this tv. While you were in the process of watching the movie, how enjoyable did you find it? In other words, how much did you like it and how eager were you to keep watching? Respond 1 (not at all) to 5 (extremely). Return ONLY JSON {""v"": number}.",False,False,False
3_how_realistic_was_the_world_of_the_movie_by_realistic_we_mean_plausi,tv,prompts_master,False,"Based only on this tv's plot, answer: How realistic was the world of the movie? By realistic we mean plausible - a faithful or true-to-life representation. Give a number 1-7 (1=lowest, 7=highest). Return ONLY JSON {""v"": number}.","Based only on this tv's plot, answer: How realistic was the world of the movie? By realistic we mean plausible - a faithful or true-to-life representation. Give a number 1-7 (1=lowest, 7=highest). Return ONLY JSON {""v"": number}.",False,False,False
mood_Dreamy,tv,prompts_master,False,"On a scale 0-100, how strongly does the mood 'Dreamy' apply to this TV show based on its plot? Return ONLY JSON {""v"": number}.","On a scale 0-100, how strongly does the mood 'Dreamy' apply to this TV show based on its plot? Return ONLY JSON {""v"": number}.",False,False,False
5_in_your_opinion_how_would_you_rate_the_quality_of_the_setting_and_wo,tv,prompts_master,False,"Based only on this tv's plot, answer: In your opinion, how would you rate the quality of the setting and world-building in this movie, on a scale of 1-7? Give a number 1-7 (1=lowest, 7=highest). Return ONLY JSON {""v"": number}.","Based only on this tv's plot, answer: In your opinion, how would you rate the quality of the setting and world-building in this movie, on a scale of 1-7? Give a number 1-7 (1=lowest, 7=highest). Return ONLY JSON {""v"": number}.",False,False,False
arc_likable_End,tv,prompts_master,False,"Consider the single MAIN protagonist of this TV show. At the End of the story, how likable (easy to relate to, empathize with, root for)? Answer 1-5 where 1=very dislikable, 5=very likable. Return ONLY JSON {""v"": number}.","Consider the single MAIN protagonist of this TV show. At the End of the story, how likable (easy to relate to, empathize with, root for)? Answer 1-5 where 1=very dislikable, 5=very likable. Return ONLY JSON {""v"": number}.",False,False,False
tv_plot_driven,tv,split_grids,False,"Score this TV show from its Wikipedia plot. How plot-driven is this TV show (emphasis on external events)? 1=not at all..5=extremely. Return ONLY JSON {""v"": number}.","Score this TV show from its Wikipedia plot. How plot-driven is this TV show (emphasis on external events)? 1=not at all..5=extremely. Return ONLY JSON {""v"": number}.",False,False,False
tv_character_driven,tv,split_grids,False,"Score this TV show from its Wikipedia plot. How character-driven is this TV show (internal needs drive the story)? 1=not at all..5=extremely. Return ONLY JSON {""v"": number}.","Score this TV show from its Wikipedia plot. How character-driven is this TV show (internal needs drive the story)? 1=not at all..5=extremely. Return ONLY JSON {""v"": number}.",False,False,False
tv_moved_emotional,tv,split_grids,False,"Score this TV show from its Wikipedia plot. To what extent would the audience feel moved on an EMOTIONAL basis? 1=not at all..5=extremely. Return ONLY JSON {""v"": number}.","Score this TV show from its Wikipedia plot. To what extent would the audience feel moved on an EMOTIONAL basis? 1=not at all..5=extremely. Return ONLY JSON {""v"": number}.",False,False,False
tv_moved_intellectual,tv,split_grids,False,"Score this TV show from its Wikipedia plot. To what extent would the audience feel moved on an INTELLECTUAL basis? 1=not at all..5=extremely. Return ONLY JSON {""v"": number}.","Score this TV show from its Wikipedia plot. To what extent would the audience feel moved on an INTELLECTUAL basis? 1=not at all..5=extremely. Return ONLY JSON {""v"": number}.",False,False,False
setting_when__around_present_day,tv,prompts_master,False,"You are estimating audience-survey ratings for a TV show from its plot. Out of 100 typical viewers, how many would say this TV show takes place around present day? Answer 0-100. Return ONLY JSON {""v"": number}.","You are estimating audience-survey ratings for a TV show from its plot. Out of 100 typical viewers, how many would say this TV show takes place around present day? Answer 0-100. Return ONLY JSON {""v"": number}.",False,False,False
setting_when__in_the_near_past,tv,prompts_master,False,"You are estimating audience-survey ratings for a TV show from its plot. Out of 100 typical viewers, how many would say this TV show takes place in the near past? Answer 0-100. Return ONLY JSON {""v"": number}.","You are estimating audience-survey ratings for a TV show from its plot. Out of 100 typical viewers, how many would say this TV show takes place in the near past? Answer 0-100. Return ONLY JSON {""v"": number}.",False,False,False
setting_when__in_the_distant_past,tv,prompts_master,False,"You are estimating audience-survey ratings for a TV show from its plot. Out of 100 typical viewers, how many would say this TV show takes place in the distant past? Answer 0-100. Return ONLY JSON {""v"": number}.","You are estimating audience-survey ratings for a TV show from its plot. Out of 100 typical viewers, how many would say this TV show takes place in the distant past? Answer 0-100. Return ONLY JSON {""v"": number}.",False,False,False
setting_when__in_the_near_future,tv,prompts_master,False,"You are estimating audience-survey ratings for a TV show from its plot. Out of 100 typical viewers, how many would say this TV show takes place in the near future? Answer 0-100. Return ONLY JSON {""v"": number}.","You are estimating audience-survey ratings for a TV show from its plot. Out of 100 typical viewers, how many would say this TV show takes place in the near future? Answer 0-100. Return ONLY JSON {""v"": number}.",False,False,False
setting_when__in_the_distant_future,tv,prompts_master,False,"You are estimating audience-survey ratings for a TV show from its plot. Out of 100 typical viewers, how many would say this TV show takes place in the distant future? Answer 0-100. Return ONLY JSON {""v"": number}.","You are estimating audience-survey ratings for a TV show from its plot. Out of 100 typical viewers, how many would say this TV show takes place in the distant future? Answer 0-100. Return ONLY JSON {""v"": number}.",False,False,False
setting_where__somewhere_on_earth_that_really_exists,tv,prompts_master,False,"You are estimating audience-survey ratings for a TV show from its plot. Out of 100 typical viewers, how many would say this TV show takes place somewhere on Earth that really exists? Answer 0-100. Return ONLY JSON {""v"": number}.","You are estimating audience-survey ratings for a TV show from its plot. Out of 100 typical viewers, how many would say this TV show takes place somewhere on Earth that really exists? Answer 0-100. Return ONLY JSON {""v"": number}.",False,False,False
setting_where__somewhere_on_earth_that_is_imaginary,tv,prompts_master,False,"You are estimating audience-survey ratings for a TV show from its plot. Out of 100 typical viewers, how many would say this TV show takes place somewhere on Earth that is imaginary? Answer 0-100. Return ONLY JSON {""v"": number}.","You are estimating audience-survey ratings for a TV show from its plot. Out of 100 typical viewers, how many would say this TV show takes place somewhere on Earth that is imaginary? Answer 0-100. Return ONLY JSON {""v"": number}.",False,False,False
setting_where__somewhere_off_earth_that_is_imaginary,tv,prompts_master,False,"You are estimating audience-survey ratings for a TV show from its plot. Out of 100 typical viewers, how many would say this TV show takes place somewhere off Earth that is imaginary? Answer 0-100. Return ONLY JSON {""v"": number}.","You are estimating audience-survey ratings for a TV show from its plot. Out of 100 typical viewers, how many would say this TV show takes place somewhere off Earth that is imaginary? Answer 0-100. Return ONLY JSON {""v"": number}.",False,False,False
opening_hook,tv,prompts_master,False,"Consider this TV show. Did it begin with a hook (something dramatic, mysterious, or shocking)? Respond 1 (not at all) to 5 (extremely). Return ONLY JSON {""v"": number}.","Consider this TV show. Did it begin with a hook (something dramatic, mysterious, or shocking)? Respond 1 (not at all) to 5 (extremely). Return ONLY JSON {""v"": number}.",False,False,False
time_linearity,tv,prompts_master,False,"You are estimating audience-survey ratings for a TV show from its plot. Predict the story's LINEARITY IN TIME: 1 = completely linear (events told in the order they happen), 4 = completely nonlinear (heavy flashbacks/jumps in time). Return ONLY JSON {""v"": number}.","You are estimating audience-survey ratings for a TV show from its plot. Predict the story's LINEARITY IN TIME: 1 = completely linear (events told in the order they happen), 4 = completely nonlinear (heavy flashbacks/jumps in time). Return ONLY JSON {""v"": number}.",False,False,False
character_development,tv,prompts_master,False,"Consider this TV show. How much strong personal development/internal change does the main character undergo? Respond 1 (not at all) to 7 (extremely). Return ONLY JSON {""v"": number}.","Consider this TV show. How much strong personal development/internal change does the main character undergo? Respond 1 (not at all) to 7 (extremely). Return ONLY JSON {""v"": number}.",False,False,False
plot_linearity,tv,prompts_master,False,"You are estimating audience-survey ratings for a TV show from its plot. Predict the story's LINEARITY IN PLOT ORDER: 1 = completely linear (the plot is presented in a straight sequence), 4 = completely nonlinear (the plot is heavily reordered / told out of sequence). Return ONLY JSON {""v"": number}.","You are estimating audience-survey ratings for a TV show from its plot. Predict the story's LINEARITY IN PLOT ORDER: 1 = completely linear (the plot is presented in a straight sequence), 4 = completely nonlinear (the plot is heavily reordered / told out of sequence). Return ONLY JSON {""v"": number}.",True,False,False
ending_reversal,tv,prompts_master,False,"You are estimating audience-survey ratings for a TV show from its plot. Predict whether the ending featured a major reversal of fortune for the main character(s): 3 = Yes, 2 = Somewhat, 1 = No. Return ONLY JSON {""v"": number}.","You are estimating audience-survey ratings for a TV show from its plot. Predict whether the ending featured a major reversal of fortune for the main character(s): 3 = Yes, 2 = Somewhat, 1 = No. Return ONLY JSON {""v"": number}.",True,False,False
pathos,tv,MISSING,False,"At the ending, does the main character (or characters) undergo a major emotional release or expression of emotion? Answer on a scale of 1 (no), 2 (somewhat), 3 (yes). Return ONLY JSON {""v"": number}.","At the ending, does the main character (or characters) undergo a major emotional release or expression of emotion? Answer on a scale of 1 (no), 2 (somewhat), 3 (yes). Return ONLY JSON {""v"": number}.",False,False,False
conflict_self,tv,prompts_master,False,"To what extent is this show a ""protagonist versus self"" story - how central is self as the force the protagonist struggles against? 0 = not at all, 100 = the central conflict. Return ONLY JSON {""v"": number}.","To what extent is this show a ""protagonist versus self"" story - how central is self as the force the protagonist struggles against? 0 = not at all, 100 = the central conflict. Return ONLY JSON {""v"": number}.",False,False,False
conflict_other,tv,prompts_master,False,"To what extent is this show a ""protagonist versus other"" story - how central is other as the force the protagonist struggles against? 0 = not at all, 100 = the central conflict. Return ONLY JSON {""v"": number}.","To what extent is this show a ""protagonist versus other"" story - how central is other as the force the protagonist struggles against? 0 = not at all, 100 = the central conflict. Return ONLY JSON {""v"": number}.",False,False,False
conflict_society,tv,prompts_master,False,"To what extent is this show a ""protagonist versus society"" story - how central is society as the force the protagonist struggles against? 0 = not at all, 100 = the central conflict. Return ONLY JSON {""v"": number}.","To what extent is this show a ""protagonist versus society"" story - how central is society as the force the protagonist struggles against? 0 = not at all, 100 = the central conflict. Return ONLY JSON {""v"": number}.",False,False,False
conflict_nature,tv,prompts_master,False,"To what extent is this show a ""protagonist versus nature"" story - how central is nature as the force the protagonist struggles against? 0 = not at all, 100 = the central conflict. Return ONLY JSON {""v"": number}.","To what extent is this show a ""protagonist versus nature"" story - how central is nature as the force the protagonist struggles against? 0 = not at all, 100 = the central conflict. Return ONLY JSON {""v"": number}.",False,False,False
conflict_technology,tv,prompts_master,False,"To what extent is this show a ""protagonist versus technology"" story - how central is technology as the force the protagonist struggles against? 0 = not at all, 100 = the central conflict. Return ONLY JSON {""v"": number}.","To what extent is this show a ""protagonist versus technology"" story - how central is technology as the force the protagonist struggles against? 0 = not at all, 100 = the central conflict. Return ONLY JSON {""v"": number}.",False,False,False
conflict_fate,tv,prompts_master,False,"To what extent is this show a ""protagonist versus fate"" story - how central is fate as the force the protagonist struggles against? 0 = not at all, 100 = the central conflict. Return ONLY JSON {""v"": number}.","To what extent is this show a ""protagonist versus fate"" story - how central is fate as the force the protagonist struggles against? 0 = not at all, 100 = the central conflict. Return ONLY JSON {""v"": number}.",False,False,False
shape_cinderella,tv,prompts_master,False,"Think of the show's main character's fortune as a line rising and falling over the story. The ""Cinderella"" shape is when a rise in fortune, then a sharp setback, then a final rise to a happy ending (up-down-up). How well does this show fit the Cinderella shape? 0 = not at all, 100 = a perfect fit. Return ONLY JSON {""v"": number}.","Think of the show's main character's fortune as a line rising and falling over the story. The ""Cinderella"" shape is when a rise in fortune, then a sharp setback, then a final rise to a happy ending (up-down-up). How well does this show fit the Cinderella shape? 0 = not at all, 100 = a perfect fit. Return ONLY JSON {""v"": number}.",False,False,False
shape_rags_to_riches,tv,prompts_master,False,"Think of the show's main character's fortune as a line rising and falling over the story. The ""Rags to Riches"" shape is when the main character begins low or unfortunate and undergoes a steady, largely uninterrupted rise into success, fortune, or happiness by the end (a continuous upward arc). How well does this show fit the Rags to Riches shape? 0 = not at all, 100 = a perfect fit. Return ONLY JSON {""v"": number}.","Think of the show's main character's fortune as a line rising and falling over the story. The ""Rags to Riches"" shape is when the main character begins low or unfortunate and undergoes a steady, largely uninterrupted rise into success, fortune, or happiness by the end (a continuous upward arc). How well does this show fit the Rags to Riches shape? 0 = not at all, 100 = a perfect fit. Return ONLY JSON {""v"": number}.",False,False,False
shape_riches_to_rags,tv,prompts_master,False,"Think of the show's main character's fortune as a line rising and falling over the story. The ""Riches to Rags"" shape is when the main character begins high or fortunate and undergoes a steady, largely uninterrupted decline into misfortune, ruin, loss, or death by the end (a continuous downward arc, classic tragedy). How well does this show fit the Riches to Rags shape? 0 = not at all, 100 = a perfect fit. Return ONLY JSON {""v"": number}.","Think of the show's main character's fortune as a line rising and falling over the story. The ""Riches to Rags"" shape is when the main character begins high or fortunate and undergoes a steady, largely uninterrupted decline into misfortune, ruin, loss, or death by the end (a continuous downward arc, classic tragedy). How well does this show fit the Riches to Rags shape? 0 = not at all, 100 = a perfect fit. Return ONLY JSON {""v"": number}.",False,True,False
shape_man_in_a_hole,tv,prompts_master,False,"Does this show follow a ""trouble and recovery"" arc, where the main character runs into a serious problem, crisis, or predicament partway through and then overcomes it, ending up okay or better than before? 0 = not at all, 100 = a perfect fit. Return ONLY JSON {""v"": number}.","Does this show follow a ""trouble and recovery"" arc, where the main character runs into a serious problem, crisis, or predicament partway through and then overcomes it, ending up okay or better than before? 0 = not at all, 100 = a perfect fit. Return ONLY JSON {""v"": number}.",False,False,False
shape_icarus,tv,prompts_master,False,"The ""Icarus"" story shape is: a rise in fortune followed by a fall (up, then down - ends badly after early success). To what extent does this show's plot follow the Icarus shape? 0 = not at all, 100 = a perfect fit. Return ONLY JSON {""v"": number}.","The ""Icarus"" story shape is: a rise in fortune followed by a fall (up, then down - ends badly after early success). To what extent does this show's plot follow the Icarus shape? 0 = not at all, 100 = a perfect fit. Return ONLY JSON {""v"": number}.",False,False,False
anagnorisis,tv,prompts_master,False,"At the ending, does the main character (or characters) come to a major sudden realization, a crucial truth they grasp? Answer on a scale of 1 (no), 2 (somewhat), 3 (yes). Return ONLY JSON {""v"": number}.","At the ending, does the main character (or characters) come to a major sudden realization, a crucial truth they grasp? Answer on a scale of 1 (no), 2 (somewhat), 3 (yes). Return ONLY JSON {""v"": number}.",False,False,False
competent,tv,prompts_master,False,"You are estimating audience-survey ratings for a TV show from its plot summary. How competent is the protagonists on average? Answer on a scale of 1 (very incompetent) to 5 (very competent). Return ONLY JSON {""v"": number}.","You are estimating audience-survey ratings for a TV show from its plot summary. How competent is the protagonists on average? Answer on a scale of 1 (very incompetent) to 5 (very competent). Return ONLY JSON {""v"": number}.",False,False,False
development,tv,prompts_master,False,"You are estimating audience-survey ratings for a TV show from its plot summary. Does the protagonists on average undergo strong personal (internal) development? Answer on a scale of 1 (no), 2 (arguably), 3 (yes). Return ONLY JSON {""v"": number}.","You are estimating audience-survey ratings for a TV show from its plot summary. Does the protagonists on average undergo strong personal (internal) development? Answer on a scale of 1 (no), 2 (arguably), 3 (yes). Return ONLY JSON {""v"": number}.",False,False,False
element_emotional_impact,tv,prompts_master,False,"You are estimating audience-survey ratings for a TV show from its plot summary. Was the emotional impact one of the elements that most drove the experience of this work? Answer 0 (no) or 1 (yes). Return ONLY JSON {""v"": number}.","You are estimating audience-survey ratings for a TV show from its plot summary. Was the emotional impact one of the elements that most drove the experience of this work? Answer 0 (no) or 1 (yes). Return ONLY JSON {""v"": number}.",False,False,False
element_message_or_theme,tv,prompts_master,False,"You are estimating audience-survey ratings for a TV show from its plot summary. How central is a message or theme to this work, as opposed to plot, character, or spectacle? Answer 1 (not thematic at all) to 5 (deeply theme-driven). Return ONLY JSON {""v"": number}.","You are estimating audience-survey ratings for a TV show from its plot summary. How central is a message or theme to this work, as opposed to plot, character, or spectacle? Answer 1 (not thematic at all) to 5 (deeply theme-driven). Return ONLY JSON {""v"": number}.",False,False,False
external_upheaval,tv,prompts_master,False,"You are estimating audience-survey ratings for a TV show from its plot summary. How much does the protagonist's external world and situation change from beginning to end, apart from any inner change? Answer 1 (barely at all) to 5 (transformed completely). Return ONLY JSON {""v"": number}.","You are estimating audience-survey ratings for a TV show from its plot summary. How much does the protagonist's external world and situation change from beginning to end, apart from any inner change? Answer 1 (barely at all) to 5 (transformed completely). Return ONLY JSON {""v"": number}.",False,False,False
felt_about,tv,prompts_master,False,"You are estimating audience-survey ratings for a TV show from its plot summary. Overall, how much would an audience enjoy this? Answer on a scale of 1 (hated it) to 7 (loved it). Return ONLY JSON {""v"": number}.","You are estimating audience-survey ratings for a TV show from its plot summary. Overall, how much would an audience enjoy this? Answer on a scale of 1 (hated it) to 7 (loved it). Return ONLY JSON {""v"": number}.",False,False,False
identity_disability_status,tv,prompts_master,False,"You are estimating audience-survey ratings for a TV show from its plot summary. Does the main protagonist belong to a historically marginalized group on the basis of disability? Answer 0 (no) or 1 (yes). Return ONLY JSON {""v"": number}.","You are estimating audience-survey ratings for a TV show from its plot summary. Does the main protagonist belong to a historically marginalized group on the basis of disability? Answer 0 (no) or 1 (yes). Return ONLY JSON {""v"": number}.",False,False,False
identity_ethnicity,tv,prompts_master,False,"You are estimating audience-survey ratings for a TV show from its plot summary. Does the main protagonist belong to a historically marginalized group on the basis of ethnicity? Answer 0 (no) or 1 (yes). Return ONLY JSON {""v"": number}.","You are estimating audience-survey ratings for a TV show from its plot summary. Does the main protagonist belong to a historically marginalized group on the basis of ethnicity? Answer 0 (no) or 1 (yes). Return ONLY JSON {""v"": number}.",False,False,False
identity_gender_identity,tv,prompts_master,False,"You are estimating audience-survey ratings for a TV show from its plot summary. Does the main protagonist belong to a historically marginalized group on the basis of gender identity? Answer 0 (no) or 1 (yes). Return ONLY JSON {""v"": number}.","You are estimating audience-survey ratings for a TV show from its plot summary. Does the main protagonist belong to a historically marginalized group on the basis of gender identity? Answer 0 (no) or 1 (yes). Return ONLY JSON {""v"": number}.",False,False,False
identity_language,tv,prompts_master,False,"You are estimating audience-survey ratings for a TV show from its plot summary. Does the main protagonist belong to a historically marginalized group on the basis of language? Answer 0 (no) or 1 (yes). Return ONLY JSON {""v"": number}.","You are estimating audience-survey ratings for a TV show from its plot summary. Does the main protagonist belong to a historically marginalized group on the basis of language? Answer 0 (no) or 1 (yes). Return ONLY JSON {""v"": number}.",False,False,False
identity_marginalized,tv,prompts_master,False,"You are estimating audience-survey ratings for a TV show from its plot summary. Does whichever protagonist scores highest on this belong to a historically marginalized group? Answer on a scale of 0 (no) or 1 (yes). Return ONLY JSON {""v"": number}.","You are estimating audience-survey ratings for a TV show from its plot summary. Does whichever protagonist scores highest on this belong to a historically marginalized group? Answer on a scale of 0 (no) or 1 (yes). Return ONLY JSON {""v"": number}.",False,False,False
identity_race,tv,prompts_master,False,"You are estimating audience-survey ratings for a TV show from its plot summary. Does the main protagonist belong to a historically marginalized group on the basis of race? Answer 0 (no) or 1 (yes). Return ONLY JSON {""v"": number}.","You are estimating audience-survey ratings for a TV show from its plot summary. Does the main protagonist belong to a historically marginalized group on the basis of race? Answer 0 (no) or 1 (yes). Return ONLY JSON {""v"": number}.",False,False,False
identity_religion,tv,prompts_master,False,"You are estimating audience-survey ratings for a TV show from its plot summary. Does the main protagonist belong to a historically marginalized group on the basis of religion? Answer 0 (no) or 1 (yes). Return ONLY JSON {""v"": number}.","You are estimating audience-survey ratings for a TV show from its plot summary. Does the main protagonist belong to a historically marginalized group on the basis of religion? Answer 0 (no) or 1 (yes). Return ONLY JSON {""v"": number}.",False,False,False
identity_socioeconomic_status,tv,prompts_master,False,"You are estimating audience-survey ratings for a TV show from its plot summary. Does the main protagonist belong to a historically marginalized group on the basis of socioeconomic class? Answer 0 (no) or 1 (yes). Return ONLY JSON {""v"": number}.","You are estimating audience-survey ratings for a TV show from its plot summary. Does the main protagonist belong to a historically marginalized group on the basis of socioeconomic class? Answer 0 (no) or 1 (yes). Return ONLY JSON {""v"": number}.",False,False,False
immersive_setting,tv,prompts_master,False,"You are estimating audience-survey ratings for a TV show from its plot summary. How immersive (fully realized, richly detailed) is its settings on average? Answer on a scale of 1 (not at all) to 7 (extremely). Return ONLY JSON {""v"": number}.","You are estimating audience-survey ratings for a TV show from its plot summary. How immersive (fully realized, richly detailed) is its settings on average? Answer on a scale of 1 (not at all) to 7 (extremely). Return ONLY JSON {""v"": number}.",False,False,False
inevitability,tv,prompts_master,False,"You are estimating audience-survey ratings for a TV show from its plot summary. Did the ending feel destined and inevitable, as though events had to unfold exactly this way, rather than arbitrary or contrived? Answer 1 (entirely arbitrary) to 7 (utterly inevitable). Return ONLY JSON {""v"": number}.","You are estimating audience-survey ratings for a TV show from its plot summary. Did the ending feel destined and inevitable, as though events had to unfold exactly this way, rather than arbitrary or contrived? Answer 1 (entirely arbitrary) to 7 (utterly inevitable). Return ONLY JSON {""v"": number}.",False,False,False
likable,tv,prompts_master,False,"You are estimating audience-survey ratings for a TV show from its plot summary. How likable is the main protagonist? Answer on a scale of 1 (very dislikable) to 5 (very likable). Return ONLY JSON {""v"": number}.","You are estimating audience-survey ratings for a TV show from its plot summary. How likable is the main protagonist? Answer on a scale of 1 (very dislikable) to 5 (very likable). Return ONLY JSON {""v"": number}.",False,False,False
n_side_characters,tv,prompts_master,False,"You are estimating audience-survey ratings for a TV show from its plot summary. Approximately how many named side characters appear? Answer on a scale of a single number. Return ONLY JSON {""v"": number}.","You are estimating audience-survey ratings for a TV show from its plot summary. Approximately how many named side characters appear? Answer on a scale of a single number. Return ONLY JSON {""v"": number}.",False,False,False
proactive,tv,prompts_master,False,"You are estimating audience-survey ratings for a TV show from its plot summary. How proactive rather than passive is the main protagonist? Answer on a scale of 1 (very passive) to 5 (very proactive). Return ONLY JSON {""v"": number}.","You are estimating audience-survey ratings for a TV show from its plot summary. How proactive rather than passive is the main protagonist? Answer on a scale of 1 (very passive) to 5 (very proactive). Return ONLY JSON {""v"": number}.",False,False,False
protag_invested,tv,prompts_master,False,"You are estimating audience-survey ratings for a TV show from its plot summary. How emotionally invested would a viewer be in the main protagonist? Answer on a scale of 1 (not at all) to 7 (extremely). Return ONLY JSON {""v"": number}.","You are estimating audience-survey ratings for a TV show from its plot summary. How emotionally invested would a viewer be in the main protagonist? Answer on a scale of 1 (not at all) to 7 (extremely). Return ONLY JSON {""v"": number}.",False,False,False
protag_real,tv,prompts_master,False,"You are estimating audience-survey ratings for a TV show from its plot summary. How real and believable does the protagonists on average feel? Answer on a scale of 1 (not at all) to 7 (extremely). Return ONLY JSON {""v"": number}.","You are estimating audience-survey ratings for a TV show from its plot summary. How real and believable does the protagonists on average feel? Answer on a scale of 1 (not at all) to 7 (extremely). Return ONLY JSON {""v"": number}.",False,False,False
protag_relatable,tv,prompts_master,False,"You are estimating audience-survey ratings for a TV show from its plot summary. How relatable is the main protagonist? Answer on a scale of 1 (not at all) to 7 (extremely). Return ONLY JSON {""v"": number}.","You are estimating audience-survey ratings for a TV show from its plot summary. How relatable is the main protagonist? Answer on a scale of 1 (not at all) to 7 (extremely). Return ONLY JSON {""v"": number}.",False,False,False
side_char_importance,tv,prompts_master,False,"You are estimating audience-survey ratings for a TV show from its plot summary. How important are the side characters? Answer on a scale of 1 (very unimportant) to 5 (very important). Return ONLY JSON {""v"": number}.","You are estimating audience-survey ratings for a TV show from its plot summary. How important are the side characters? Answer on a scale of 1 (very unimportant) to 5 (very important). Return ONLY JSON {""v"": number}.",False,True,False
genre_Documentary,film,genre_imdb,False,"On a scale 0-100, how strongly does the 'Documentary' genre apply to this movie based on its plot? Return ONLY JSON {""v"": number}.","On a scale 0-100, how strongly does the 'Documentary' genre apply to this movie based on its plot? Return ONLY JSON {""v"": number}.",False,False,True
genre_Musical,film,genre_imdb,False,"On a scale 0-100, how strongly does the 'Musical' genre apply to this movie based on its plot? Return ONLY JSON {""v"": number}.","On a scale 0-100, how strongly does the 'Musical' genre apply to this movie based on its plot? Return ONLY JSON {""v"": number}.",False,False,True
genre_Western,film,genre_imdb,False,"On a scale 0-100, how strongly does the 'Western' genre apply to this movie based on its plot? Return ONLY JSON {""v"": number}.","On a scale 0-100, how strongly does the 'Western' genre apply to this movie based on its plot? Return ONLY JSON {""v"": number}.",False,False,True
genre_Comedy,film,genre_imdb,False,"On a scale 0-100, how strongly does the 'Comedy' genre apply to this movie based on its plot? Return ONLY JSON {""v"": number}.","On a scale 0-100, how strongly does the 'Comedy' genre apply to this movie based on its plot? Return ONLY JSON {""v"": number}.",False,False,True
genre_Fantasy,film,genre_imdb,False,"On a scale 0-100, how strongly does the 'Fantasy' genre apply to this movie based on its plot? Return ONLY JSON {""v"": number}.","On a scale 0-100, how strongly does the 'Fantasy' genre apply to this movie based on its plot? Return ONLY JSON {""v"": number}.",False,False,True
genre_Family,film,genre_imdb,False,"On a scale 0-100, how strongly does the 'Family' genre apply to this movie based on its plot? Return ONLY JSON {""v"": number}.","On a scale 0-100, how strongly does the 'Family' genre apply to this movie based on its plot? Return ONLY JSON {""v"": number}.",False,False,True
genre_Thriller,film,genre_imdb,False,"On a scale 0-100, how strongly does the 'Thriller' genre apply to this movie based on its plot? Return ONLY JSON {""v"": number}.","On a scale 0-100, how strongly does the 'Thriller' genre apply to this movie based on its plot? Return ONLY JSON {""v"": number}.",False,False,True
genre_Action,film,genre_imdb,False,"On a scale 0-100, how strongly does the 'Action' genre apply to this movie based on its plot? Return ONLY JSON {""v"": number}.","On a scale 0-100, how strongly does the 'Action' genre apply to this movie based on its plot? Return ONLY JSON {""v"": number}.",False,False,True
genre_Drama,film,genre_imdb,False,"On a scale 0-100, how strongly does the 'Drama' genre apply to this movie based on its plot? Return ONLY JSON {""v"": number}.","On a scale 0-100, how strongly does the 'Drama' genre apply to this movie based on its plot? Return ONLY JSON {""v"": number}.",False,False,True
genre_Animation,film,genre_imdb,False,"On a scale 0-100, how strongly does the 'Animation' genre apply to this movie based on its plot? Return ONLY JSON {""v"": number}.","On a scale 0-100, how strongly does the 'Animation' genre apply to this movie based on its plot? Return ONLY JSON {""v"": number}.",False,False,True
genre_Mystery,film,genre_imdb,False,"On a scale 0-100, how strongly does the 'Mystery' genre apply to this movie based on its plot? Return ONLY JSON {""v"": number}.","On a scale 0-100, how strongly does the 'Mystery' genre apply to this movie based on its plot? Return ONLY JSON {""v"": number}.",False,False,True
genre_Historical,film,genre_imdb,False,"On a scale 0-100, how strongly does the 'Historical' genre apply to this movie based on its plot? Return ONLY JSON {""v"": number}.","On a scale 0-100, how strongly does the 'Historical' genre apply to this movie based on its plot? Return ONLY JSON {""v"": number}.",False,False,True
genre_War,film,genre_imdb,False,"On a scale 0-100, how strongly does the 'War' genre apply to this movie based on its plot? Return ONLY JSON {""v"": number}.","On a scale 0-100, how strongly does the 'War' genre apply to this movie based on its plot? Return ONLY JSON {""v"": number}.",False,False,True
genre_Crime,film,genre_imdb,False,"On a scale 0-100, how strongly does the 'Crime' genre apply to this movie based on its plot? Return ONLY JSON {""v"": number}.","On a scale 0-100, how strongly does the 'Crime' genre apply to this movie based on its plot? Return ONLY JSON {""v"": number}.",False,False,True
genre_Science_Fiction,film,genre_imdb,False,"On a scale 0-100, how strongly does the 'Science Fiction' genre apply to this movie based on its plot? Return ONLY JSON {""v"": number}.","On a scale 0-100, how strongly does the 'Science Fiction' genre apply to this movie based on its plot? Return ONLY JSON {""v"": number}.",False,False,True
genre_Horror,film,genre_imdb,False,"On a scale 0-100, how strongly does the 'Horror' genre apply to this movie based on its plot? Return ONLY JSON {""v"": number}.","On a scale 0-100, how strongly does the 'Horror' genre apply to this movie based on its plot? Return ONLY JSON {""v"": number}.",False,False,True
genre_Romance,film,genre_imdb,False,"On a scale 0-100, how strongly does the 'Romance' genre apply to this movie based on its plot? Return ONLY JSON {""v"": number}.","On a scale 0-100, how strongly does the 'Romance' genre apply to this movie based on its plot? Return ONLY JSON {""v"": number}.",False,False,True
genre_Adventure,film,genre_imdb,False,"On a scale 0-100, how strongly does the 'Adventure' genre apply to this movie based on its plot? Return ONLY JSON {""v"": number}.","On a scale 0-100, how strongly does the 'Adventure' genre apply to this movie based on its plot? Return ONLY JSON {""v"": number}.",False,False,True
genre_Musical,book,genre_imdb,False,"On a scale 0-100, how strongly does the 'Musical' genre apply to this book based on its plot? Return ONLY JSON {""v"": number}.","On a scale 0-100, how strongly does the 'Musical' genre apply to this book based on its plot? Return ONLY JSON {""v"": number}.",False,False,True
genre_Thriller,book,genre_imdb,False,"On a scale 0-100, how strongly does the 'Thriller' genre apply to this book based on its plot? Return ONLY JSON {""v"": number}.","On a scale 0-100, how strongly does the 'Thriller' genre apply to this book based on its plot? Return ONLY JSON {""v"": number}.",False,False,True
genre_Drama,book,genre_imdb,False,"On a scale 0-100, how strongly does the 'Drama' genre apply to this book based on its plot? Return ONLY JSON {""v"": number}.","On a scale 0-100, how strongly does the 'Drama' genre apply to this book based on its plot? Return ONLY JSON {""v"": number}.",False,False,True
genre_Comedy,book,genre_imdb,False,"On a scale 0-100, how strongly does the 'Comedy' genre apply to this book based on its plot? Return ONLY JSON {""v"": number}.","On a scale 0-100, how strongly does the 'Comedy' genre apply to this book based on its plot? Return ONLY JSON {""v"": number}.",False,False,True
genre_Adventure,book,genre_imdb,False,"On a scale 0-100, how strongly does the 'Adventure' genre apply to this book based on its plot? Return ONLY JSON {""v"": number}.","On a scale 0-100, how strongly does the 'Adventure' genre apply to this book based on its plot? Return ONLY JSON {""v"": number}.",False,False,True
genre_Animation,book,genre_imdb,False,"On a scale 0-100, how strongly does the 'Animation' genre apply to this book based on its plot? Return ONLY JSON {""v"": number}.","On a scale 0-100, how strongly does the 'Animation' genre apply to this book based on its plot? Return ONLY JSON {""v"": number}.",False,False,True
genre_Science_Fiction,book,genre_imdb,False,"On a scale 0-100, how strongly does the 'Science Fiction' genre apply to this book based on its plot? Return ONLY JSON {""v"": number}.","On a scale 0-100, how strongly does the 'Science Fiction' genre apply to this book based on its plot? Return ONLY JSON {""v"": number}.",False,False,True
genre_Documentary,book,genre_imdb,False,"On a scale 0-100, how strongly does the 'Documentary' genre apply to this book based on its plot? Return ONLY JSON {""v"": number}.","On a scale 0-100, how strongly does the 'Documentary' genre apply to this book based on its plot? Return ONLY JSON {""v"": number}.",False,False,True
genre_Family,book,genre_imdb,False,"On a scale 0-100, how strongly does the 'Family' genre apply to this book based on its plot? Return ONLY JSON {""v"": number}.","On a scale 0-100, how strongly does the 'Family' genre apply to this book based on its plot? Return ONLY JSON {""v"": number}.",False,False,True
genre_War,book,genre_imdb,False,"On a scale 0-100, how strongly does the 'War' genre apply to this book based on its plot? Return ONLY JSON {""v"": number}.","On a scale 0-100, how strongly does the 'War' genre apply to this book based on its plot? Return ONLY JSON {""v"": number}.",False,False,True
genre_Western,book,genre_imdb,False,"On a scale 0-100, how strongly does the 'Western' genre apply to this book based on its plot? Return ONLY JSON {""v"": number}.","On a scale 0-100, how strongly does the 'Western' genre apply to this book based on its plot? Return ONLY JSON {""v"": number}.",False,False,True
genre_Action,book,genre_imdb,False,"On a scale 0-100, how strongly does the 'Action' genre apply to this book based on its plot? Return ONLY JSON {""v"": number}.","On a scale 0-100, how strongly does the 'Action' genre apply to this book based on its plot? Return ONLY JSON {""v"": number}.",False,False,True
genre_Romance,book,genre_imdb,False,"On a scale 0-100, how strongly does the 'Romance' genre apply to this book based on its plot? Return ONLY JSON {""v"": number}.","On a scale 0-100, how strongly does the 'Romance' genre apply to this book based on its plot? Return ONLY JSON {""v"": number}.",False,False,True
genre_Mystery,book,genre_imdb,False,"On a scale 0-100, how strongly does the 'Mystery' genre apply to this book based on its plot? Return ONLY JSON {""v"": number}.","On a scale 0-100, how strongly does the 'Mystery' genre apply to this book based on its plot? Return ONLY JSON {""v"": number}.",False,False,True
genre_Historical,book,genre_imdb,False,"On a scale 0-100, how strongly does the 'Historical' genre apply to this book based on its plot? Return ONLY JSON {""v"": number}.","On a scale 0-100, how strongly does the 'Historical' genre apply to this book based on its plot? Return ONLY JSON {""v"": number}.",False,False,True
genre_Crime,book,genre_imdb,False,"On a scale 0-100, how strongly does the 'Crime' genre apply to this book based on its plot? Return ONLY JSON {""v"": number}.","On a scale 0-100, how strongly does the 'Crime' genre apply to this book based on its plot? Return ONLY JSON {""v"": number}.",False,False,True
genre_Fantasy,book,genre_imdb,False,"On a scale 0-100, how strongly does the 'Fantasy' genre apply to this book based on its plot? Return ONLY JSON {""v"": number}.","On a scale 0-100, how strongly does the 'Fantasy' genre apply to this book based on its plot? Return ONLY JSON {""v"": number}.",False,False,True
genre_Horror,book,genre_imdb,False,"On a scale 0-100, how strongly does the 'Horror' genre apply to this book based on its plot? Return ONLY JSON {""v"": number}.","On a scale 0-100, how strongly does the 'Horror' genre apply to this book based on its plot? Return ONLY JSON {""v"": number}.",False,False,True
genre_Comedy,tv,genre_imdb,False,"On a scale 0-100, how strongly does the 'Comedy' genre apply to this TV show based on its plot? Return ONLY JSON {""v"": number}.","On a scale 0-100, how strongly does the 'Comedy' genre apply to this TV show based on its plot? Return ONLY JSON {""v"": number}.",False,False,True
genre_Horror,tv,genre_imdb,False,"On a scale 0-100, how strongly does the 'Horror' genre apply to this TV show based on its plot? Return ONLY JSON {""v"": number}.","On a scale 0-100, how strongly does the 'Horror' genre apply to this TV show based on its plot? Return ONLY JSON {""v"": number}.",False,False,True
genre_Crime,tv,genre_imdb,False,"On a scale 0-100, how strongly does the 'Crime' genre apply to this TV show based on its plot? Return ONLY JSON {""v"": number}.","On a scale 0-100, how strongly does the 'Crime' genre apply to this TV show based on its plot? Return ONLY JSON {""v"": number}.",False,False,True
genre_Mystery,tv,genre_imdb,False,"On a scale 0-100, how strongly does the 'Mystery' genre apply to this TV show based on its plot? Return ONLY JSON {""v"": number}.","On a scale 0-100, how strongly does the 'Mystery' genre apply to this TV show based on its plot? Return ONLY JSON {""v"": number}.",False,False,True
genre_Animation,tv,genre_imdb,False,"On a scale 0-100, how strongly does the 'Animation' genre apply to this TV show based on its plot? Return ONLY JSON {""v"": number}.","On a scale 0-100, how strongly does the 'Animation' genre apply to this TV show based on its plot? Return ONLY JSON {""v"": number}.",False,False,True
genre_Romance,tv,genre_imdb,False,"On a scale 0-100, how strongly does the 'Romance' genre apply to this TV show based on its plot? Return ONLY JSON {""v"": number}.","On a scale 0-100, how strongly does the 'Romance' genre apply to this TV show based on its plot? Return ONLY JSON {""v"": number}.",False,False,True
genre_War,tv,genre_imdb,False,"On a scale 0-100, how strongly does the 'War' genre apply to this TV show based on its plot? Return ONLY JSON {""v"": number}.","On a scale 0-100, how strongly does the 'War' genre apply to this TV show based on its plot? Return ONLY JSON {""v"": number}.",False,False,True
genre_Action,tv,genre_imdb,False,"On a scale 0-100, how strongly does the 'Action' genre apply to this TV show based on its plot? Return ONLY JSON {""v"": number}.","On a scale 0-100, how strongly does the 'Action' genre apply to this TV show based on its plot? Return ONLY JSON {""v"": number}.",False,False,True
genre_Adventure,tv,genre_imdb,False,"On a scale 0-100, how strongly does the 'Adventure' genre apply to this TV show based on its plot? Return ONLY JSON {""v"": number}.","On a scale 0-100, how strongly does the 'Adventure' genre apply to this TV show based on its plot? Return ONLY JSON {""v"": number}.",False,False,True
genre_Fantasy,tv,genre_imdb,False,"On a scale 0-100, how strongly does the 'Fantasy' genre apply to this TV show based on its plot? Return ONLY JSON {""v"": number}.","On a scale 0-100, how strongly does the 'Fantasy' genre apply to this TV show based on its plot? Return ONLY JSON {""v"": number}.",False,False,True
genre_Western,tv,genre_imdb,False,"On a scale 0-100, how strongly does the 'Western' genre apply to this TV show based on its plot? Return ONLY JSON {""v"": number}.","On a scale 0-100, how strongly does the 'Western' genre apply to this TV show based on its plot? Return ONLY JSON {""v"": number}.",False,False,True
genre_Historical,tv,genre_imdb,False,"On a scale 0-100, how strongly does the 'Historical' genre apply to this TV show based on its plot? Return ONLY JSON {""v"": number}.","On a scale 0-100, how strongly does the 'Historical' genre apply to this TV show based on its plot? Return ONLY JSON {""v"": number}.",False,False,True
genre_Science_Fiction,tv,genre_imdb,False,"On a scale 0-100, how strongly does the 'Science Fiction' genre apply to this TV show based on its plot? Return ONLY JSON {""v"": number}.","On a scale 0-100, how strongly does the 'Science Fiction' genre apply to this TV show based on its plot? Return ONLY JSON {""v"": number}.",False,False,True
genre_Drama,tv,genre_imdb,False,"On a scale 0-100, how strongly does the 'Drama' genre apply to this TV show based on its plot? Return ONLY JSON {""v"": number}.","On a scale 0-100, how strongly does the 'Drama' genre apply to this TV show based on its plot? Return ONLY JSON {""v"": number}.",False,False,True
genre_Family,tv,genre_imdb,False,"On a scale 0-100, how strongly does the 'Family' genre apply to this TV show based on its plot? Return ONLY JSON {""v"": number}.","On a scale 0-100, how strongly does the 'Family' genre apply to this TV show based on its plot? Return ONLY JSON {""v"": number}.",False,False,True
genre_Thriller,tv,genre_imdb,False,"On a scale 0-100, how strongly does the 'Thriller' genre apply to this TV show based on its plot? Return ONLY JSON {""v"": number}.","On a scale 0-100, how strongly does the 'Thriller' genre apply to this TV show based on its plot? Return ONLY JSON {""v"": number}.",False,False,True
genre_Musical,tv,genre_imdb,False,"On a scale 0-100, how strongly does the 'Musical' genre apply to this TV show based on its plot? Return ONLY JSON {""v"": number}.","On a scale 0-100, how strongly does the 'Musical' genre apply to this TV show based on its plot? Return ONLY JSON {""v"": number}.",False,False,True
genre_Documentary,tv,genre_imdb,False,"On a scale 0-100, how strongly does the 'Documentary' genre apply to this TV show based on its plot? Return ONLY JSON {""v"": number}.","On a scale 0-100, how strongly does the 'Documentary' genre apply to this TV show based on its plot? Return ONLY JSON {""v"": number}.",False,False,True
